{
  "info": {
    "fullstar_x": {
      "address": 16760700,
      "type": ">i2"
    },
    "fullstar_y": {
      "address": 16760702,
      "type": ">i2"
    },
    "g1_x": {
      "address": 16756938,
      "type": ">i2"
    },
    "g1_y": {
      "address": 16756958,
      "type": ">i2"
    },
    "g2_x": {
      "address": 16757706,
      "type": ">i2"
    },
    "g2_y": {
      "address": 16757726,
      "type": ">i2"
    },
    "p1_attackzone": {
      "address": 16762582,
      "type": ">u4"
    },
    "p1_bodychecks": {
      "address": 16762590,
      "type": ">u2"
    },
    "p1_faceoffwon": {
      "address": 16762588,
      "type": ">u2"
    },
    "p1_onetimer": {
      "address": 16763432,
      "type": ">u4"
    },
    "p1_passing": {
      "address": 16762594,
      "type": ">u2"
    },
    "p1_score": {
      "address": 16762586,
      "type": ">u2"
    },
    "p1_shots": {
      "address": 16762572,
      "type": ">u4"
    },
    "p1_vel_x": {
      "address": 16756850,
      "type": "|i1"
    },
    "p1_vel_y": {
      "address": 16756852,
      "type": "|i1"
    },
    "p1_x": {
      "address": 16756810,
      "type": ">i2"
    },
    "p1_y": {
      "address": 16756830,
      "type": ">i2"
    },
    "p2_attackzone": {
      "address": 16763450,
      "type": ">u4"
    },
    "p2_bodychecks": {
      "address": 16763458,
      "type": ">u2"
    },
    "p2_faceoffwon": {
      "address": 16763454,
      "type": ">u2"
    },
    "p2_fullstar_x": {
      "address": 16760244,
      "type": ">i2"
    },
    "p2_fullstar_y": {
      "address": 16760702,
      "type": ">i2"
    },
    "p2_onetimer": {
      "address": 16764300,
      "type": ">u4"
    },
    "p2_passing": {
      "address": 16763462,
      "type": ">u2"
    },
    "p2_score": {
      "address": 16763454,
      "type": ">u2"
    },
    "p2_shots": {
      "address": 16763440,
      "type": ">u4"
    },
    "p2_vel_x": {
      "address": 16757618,
      "type": "|i1"
    },
    "p2_vel_y": {
      "address": 16757620,
      "type": "|i1"
    },
    "p2_x": {
      "address": 16757578,
      "type": ">i2"
    },
    "p2_y": {
      "address": 16757598,
      "type": ">i2"
    },
    "period": {
      "address": 16761958,
      "type": ">u2"
    },
    "puck_vel_x": {
      "address": 16758642,
      "type": "|i1"
    },
    "puck_vel_y": {
      "address": 16758644,
      "type": "|i1"
    },
    "puck_x": {
      "address": 16758602,
      "type": ">i2"
    },
    "puck_y": {
      "address": 16758622,
      "type": ">i2"
    },
    "time": {
      "address": 16761958,
      "type": ">u4"
    }
  }
}
