step,x_position,y_position,direction,speed,drivingMode,gameMode,frame,current_checkpoint,surface,reward,total_reward
0,"[3712, 3712, 3712, 3712, 3712, 3712, 3712, 3712]","[2288, 2288, 2288, 2288, 2288, 2288, 2288, 2288]","[0, 0, 0, 0, 0, 0, 0, 0]","[0, 0, 0, 0, 0, 0, 0, 0]","[4, 4, 4, 4, 4, 4, 4, 4]","[2, 2, 2, 2, 2, 2, 2, 2]","[285, 285, 285, 285, 285, 285, 285, 285]","[29, 29, 29, 29, 29, 29, 29, 29]","[64, 64, 64, 64, 64, 64, 64, 64]",[-1. -1. -1. -1. -1. -1. -1. -1.],0
1,"[3712, 3712, 3712, 3712, 3712, 3712, 3712, 3712]","[2288, 2288, 2288, 2288, 2288, 2288, 2288, 2288]","[0, 0, 0, 0, 0, 0, 0, 0]","[0, 0, 0, 0, 0, 0, 0, 0]","[4, 4, 4, 4, 4, 4, 4, 4]","[2, 2, 2, 2, 2, 2, 2, 2]","[289, 289, 289, 289, 289, 289, 289, 289]","[29, 29, 29, 29, 29, 29, 29, 29]","[64, 64, 64, 64, 64, 64, 64, 64]",[-1. -1. -1. -1. -1. -1. -1. -1.],0
2,"[3712, 3712, 3712, 3712, 3712, 3712, 3712, 3712]","[2288, 2288, 2288, 2288, 2288, 2288, 2288, 2288]","[0, 0, 0, 0, 0, 0, 0, 0]","[0, 0, 0, 0, 0, 0, 0, 0]","[4, 4, 4, 4, 4, 4, 4, 4]","[2, 2, 2, 2, 2, 2, 2, 2]","[293, 293, 293, 293, 293, 293, 293, 293]","[29, 29, 29, 29, 29, 29, 29, 29]","[64, 64, 64, 64, 64, 64, 64, 64]",[-1. -1. -1. -1. -1. -1. -1. -1.],0
3,"[3712, 3712, 3712, 3712, 3712, 3712, 3712, 3712]","[2288, 2288, 2288, 2288, 2288, 2288, 2288, 2288]","[0, 0, 0, 0, 0, 0, 0, 0]","[0, 0, 0, 0, 0, 0, 0, 0]","[4, 4, 4, 4, 4, 4, 4, 4]","[2, 2, 2, 2, 2, 2, 2, 2]","[297, 297, 297, 297, 297, 297, 297, 297]","[29, 29, 29, 29, 29, 29, 29, 29]","[64, 64, 64, 64, 64, 64, 64, 64]",[-1. -1. -1. -1. -1. -1. -1. -1.],0
4,"[3712, 3712, 3712, 3712, 3712, 3712, 3712, 3712]","[2288, 2288, 2288, 2288, 2288, 2288, 2288, 2288]","[0, 0, 0, 0, 0, 0, 0, 0]","[0, 0, 0, 0, 0, 0, 0, 0]","[4, 4, 4, 4, 4, 4, 4, 4]","[2, 2, 2, 2, 2, 2, 2, 2]","[301, 301, 301, 301, 301, 301, 301, 301]","[29, 29, 29, 29, 29, 29, 29, 29]","[64, 64, 64, 64, 64, 64, 64, 64]",[-1. -1. -1. -1. -1. -1. -1. -1.],0
5,"[3712, 3712, 3712, 3712, 3712, 3712, 3712, 3712]","[2288, 2288, 2288, 2288, 2288, 2288, 2288, 2288]","[0, 0, 0, 0, 0, 0, 0, 0]","[0, 0, 0, 0, 0, 0, 0, 0]","[4, 4, 4, 4, 4, 4, 4, 4]","[2, 2, 2, 2, 2, 2, 2, 2]","[305, 305, 305, 305, 305, 305, 305, 305]","[29, 29, 29, 29, 29, 29, 29, 29]","[64, 64, 64, 64, 64, 64, 64, 64]",[-1. -1. -1. -1. -1. -1. -1. -1.],0
6,"[3712, 3712, 3712, 3712, 3712, 3712, 3712, 3712]","[2288, 2288, 2288, 2288, 2288, 2288, 2288, 2288]","[0, 0, 0, 0, 0, 0, 0, 0]","[0, 0, 0, 0, 0, 0, 0, 0]","[4, 4, 4, 4, 4, 4, 4, 4]","[2, 2, 2, 2, 2, 2, 2, 2]","[309, 309, 309, 309, 309, 309, 309, 309]","[29, 29, 29, 29, 29, 29, 29, 29]","[64, 64, 64, 64, 64, 64, 64, 64]",[-1. -1. -1. -1. -1. -1. -1. -1.],0
7,"[3712, 3712, 3712, 3712, 3712, 3712, 3712, 3712]","[2288, 2288, 2288, 2288, 2288, 2288, 2288, 2288]","[0, 0, 0, 0, 0, 0, 0, 0]","[0, 0, 0, 0, 0, 0, 0, 0]","[4, 4, 4, 4, 4, 4, 4, 4]","[2, 2, 2, 2, 2, 2, 2, 2]","[313, 313, 313, 313, 313, 313, 313, 313]","[29, 29, 29, 29, 29, 29, 29, 29]","[64, 64, 64, 64, 64, 64, 64, 64]",[-1. -1. -1. -1. -1. -1. -1. -1.],0
8,"[3712, 3712, 3712, 3712, 3712, 3712, 3712, 3712]","[2288, 2288, 2288, 2288, 2288, 2288, 2288, 2288]","[0, 0, 0, 0, 0, 0, 0, 0]","[0, 0, 0, 0, 0, 0, 0, 0]","[4, 4, 4, 4, 4, 4, 4, 4]","[2, 2, 2, 2, 2, 2, 2, 2]","[317, 317, 317, 317, 317, 317, 317, 317]","[29, 29, 29, 29, 29, 29, 29, 29]","[64, 64, 64, 64, 64, 64, 64, 64]",[-1. -1. -1. -1. -1. -1. -1. -1.],0
9,"[3712, 3712, 3712, 3712, 3712, 3712, 3712, 3712]","[2288, 2288, 2288, 2288, 2288, 2288, 2288, 2288]","[0, 0, 0, 0, 0, 0, 0, 0]","[0, 0, 0, 0, 0, 0, 0, 0]","[4, 4, 4, 4, 4, 4, 4, 4]","[2, 2, 2, 2, 2, 2, 2, 2]","[321, 321, 321, 321, 321, 321, 321, 321]","[29, 29, 29, 29, 29, 29, 29, 29]","[64, 64, 64, 64, 64, 64, 64, 64]",[-1. -1. -1. -1. -1. -1. -1. -1.],0
10,"[3712, 3712, 3712, 3712, 3712, 3712, 3712, 3712]","[2288, 2288, 2288, 2288, 2288, 2288, 2288, 2288]","[0, 0, 0, 0, 0, 0, 0, 0]","[0, 0, 0, 0, 0, 0, 0, 0]","[4, 4, 4, 4, 4, 4, 4, 4]","[2, 2, 2, 2, 2, 2, 2, 2]","[325, 325, 325, 325, 325, 325, 325, 325]","[29, 29, 29, 29, 29, 29, 29, 29]","[64, 64, 64, 64, 64, 64, 64, 64]",[-1. -1. -1. -1. -1. -1. -1. -1.],0
11,"[3712, 3712, 3712, 3712, 3712, 3712, 3712, 3712]","[2288, 2288, 2288, 2288, 2288, 2288, 2288, 2288]","[0, 0, 0, 0, 0, 0, 0, 0]","[0, 0, 0, 0, 0, 0, 0, 0]","[4, 4, 4, 4, 4, 4, 4, 4]","[2, 2, 2, 2, 2, 2, 2, 2]","[329, 329, 329, 329, 329, 329, 329, 329]","[29, 29, 29, 29, 29, 29, 29, 29]","[64, 64, 64, 64, 64, 64, 64, 64]",[-1. -1. -1. -1. -1. -1. -1. -1.],0
12,"[3712, 3712, 3712, 3712, 3712, 3712, 3712, 3712]","[2288, 2288, 2288, 2288, 2288, 2288, 2288, 2288]","[0, 0, 0, 0, 0, 0, 0, 0]","[0, 0, 0, 0, 0, 0, 0, 0]","[4, 4, 4, 4, 4, 4, 4, 4]","[2, 2, 2, 2, 2, 2, 2, 2]","[333, 333, 333, 333, 333, 333, 333, 333]","[29, 29, 29, 29, 29, 29, 29, 29]","[64, 64, 64, 64, 64, 64, 64, 64]",[-1. -1. -1. -1. -1. -1. -1. -1.],0
13,"[3712, 3712, 3712, 3712, 3712, 3712, 3712, 3712]","[2288, 2288, 2288, 2288, 2288, 2288, 2288, 2288]","[0, 0, 0, 0, 0, 0, 0, 0]","[0, 0, 0, 0, 0, 0, 0, 0]","[6, 6, 6, 6, 6, 6, 6, 6]","[2, 2, 2, 2, 2, 2, 2, 2]","[337, 337, 337, 337, 337, 337, 337, 337]","[29, 29, 29, 29, 29, 29, 29, 29]","[64, 64, 64, 64, 64, 64, 64, 64]",[-1. -1. -1. -1. -1. -1. -1. -1.],0
14,"[3712, 3712, 3712, 3712, 3712, 3712, 3712, 3712]","[2287, 2287, 2287, 2287, 2287, 2287, 2287, 2287]","[0, 0, 0, 0, 0, 0, 0, 0]","[8, 8, 8, 8, 8, 8, 8, 8]","[6, 6, 6, 6, 6, 6, 6, 6]","[2, 2, 2, 2, 2, 2, 2, 2]","[341, 341, 341, 341, 341, 341, 341, 341]","[29, 29, 29, 29, 29, 29, 29, 29]","[64, 64, 64, 64, 64, 64, 64, 64]",[1. 1. 1. 1. 1. 1. 1. 1.],0
15,"[3712, 3712, 3712, 3712, 3712, 3712, 3712, 3712]","[2287, 2287, 2287, 2287, 2287, 2287, 2287, 2287]","[0, 0, 0, 0, 0, 0, 0, 0]","[16, 16, 16, 16, 16, 16, 16, 16]","[6, 6, 6, 6, 6, 6, 6, 6]","[2, 2, 2, 2, 2, 2, 2, 2]","[345, 345, 345, 345, 345, 345, 345, 345]","[29, 29, 29, 29, 29, 29, 29, 29]","[64, 64, 64, 64, 64, 64, 64, 64]",[1. 1. 1. 1. 1. 1. 1. 1.],0
16,"[3712, 3712, 3712, 3712, 3712, 3712, 3712, 3712]","[2286, 2286, 2286, 2286, 2286, 2286, 2286, 2286]","[1, 1, 1, 1, 1, 1, 1, 1]","[24, 24, 24, 24, 24, 24, 24, 24]","[6, 6, 6, 6, 6, 6, 6, 6]","[2, 2, 2, 2, 2, 2, 2, 2]","[349, 349, 349, 349, 349, 349, 349, 349]","[29, 29, 29, 29, 29, 29, 29, 29]","[64, 64, 64, 64, 64, 64, 64, 64]",[1. 1. 1. 1. 1. 1. 1. 1.],0
17,"[3712, 3712, 3712, 3712, 3712, 3712, 3712, 3712]","[2284, 2284, 2284, 2284, 2284, 2284, 2284, 2284]","[1, 1, 1, 1, 1, 1, 1, 1]","[32, 32, 32, 32, 32, 32, 32, 32]","[6, 6, 6, 6, 6, 6, 6, 6]","[2, 2, 2, 2, 2, 2, 2, 2]","[353, 353, 353, 353, 353, 353, 353, 353]","[29, 29, 29, 29, 29, 29, 29, 29]","[64, 64, 64, 64, 64, 64, 64, 64]",[1. 1. 1. 1. 1. 1. 1. 1.],0
18,"[3712, 3712, 3712, 3712, 3712, 3712, 3712, 3712]","[2282, 2282, 2282, 2282, 2282, 2282, 2282, 2282]","[1, 1, 1, 1, 1, 1, 1, 1]","[40, 40, 40, 40, 40, 40, 40, 40]","[6, 6, 6, 6, 6, 6, 6, 6]","[2, 2, 2, 2, 2, 2, 2, 2]","[357, 357, 357, 357, 357, 357, 357, 357]","[29, 29, 29, 29, 29, 29, 29, 29]","[64, 64, 64, 64, 64, 64, 64, 64]",[1. 1. 1. 1. 1. 1. 1. 1.],0
19,"[3712, 3712, 3712, 3712, 3712, 3712, 3712, 3712]","[2279, 2279, 2279, 2279, 2279, 2279, 2279, 2279]","[2, 2, 2, 2, 2, 2, 2, 2]","[48, 48, 48, 48, 48, 48, 48, 48]","[6, 6, 6, 6, 6, 6, 6, 6]","[2, 2, 2, 2, 2, 2, 2, 2]","[361, 361, 361, 361, 361, 361, 361, 361]","[29, 29, 29, 29, 29, 29, 29, 29]","[64, 64, 64, 64, 64, 64, 64, 64]",[1. 1. 1. 1. 1. 1. 1. 1.],0
20,"[3712, 3712, 3712, 3712, 3712, 3712, 3712, 3712]","[2276, 2276, 2276, 2276, 2276, 2276, 2276, 2276]","[3, 3, 3, 3, 3, 3, 3, 3]","[56, 56, 56, 56, 56, 56, 56, 56]","[6, 6, 6, 6, 6, 6, 6, 6]","[2, 2, 2, 2, 2, 2, 2, 2]","[365, 365, 365, 365, 365, 365, 365, 365]","[29, 29, 29, 29, 29, 29, 29, 29]","[64, 64, 64, 64, 64, 64, 64, 64]",[1. 1. 1. 1. 1. 1. 1. 1.],0
21,"[3712, 3712, 3712, 3712, 3712, 3712, 3712, 3712]","[2272, 2272, 2272, 2272, 2272, 2272, 2272, 2272]","[3, 3, 3, 3, 3, 3, 3, 3]","[64, 64, 64, 64, 64, 64, 64, 64]","[6, 6, 6, 6, 6, 6, 6, 6]","[2, 2, 2, 2, 2, 2, 2, 2]","[369, 369, 369, 369, 369, 369, 369, 369]","[29, 29, 29, 29, 29, 29, 29, 29]","[64, 64, 64, 64, 64, 64, 64, 64]",[1. 1. 1. 1. 1. 1. 1. 1.],0
22,"[3712, 3712, 3712, 3712, 3712, 3712, 3712, 3712]","[2268, 2268, 2268, 2268, 2268, 2268, 2268, 2268]","[4, 4, 4, 4, 4, 4, 4, 4]","[88, 88, 88, 88, 88, 88, 88, 88]","[6, 6, 6, 6, 6, 6, 6, 6]","[2, 2, 2, 2, 2, 2, 2, 2]","[373, 373, 373, 373, 373, 373, 373, 373]","[29, 29, 29, 29, 29, 29, 29, 29]","[64, 64, 64, 64, 64, 64, 64, 64]",[1. 1. 1. 1. 1. 1. 1. 1.],0
23,"[3713, 3713, 3713, 3713, 3713, 3713, 3713, 3713]","[2262, 2262, 2262, 2262, 2262, 2262, 2262, 2262]","[5, 5, 5, 5, 5, 5, 5, 5]","[112, 112, 112, 112, 112, 112, 112, 112]","[6, 6, 6, 6, 6, 6, 6, 6]","[2, 2, 2, 2, 2, 2, 2, 2]","[377, 377, 377, 377, 377, 377, 377, 377]","[29, 29, 29, 29, 29, 29, 29, 29]","[64, 64, 64, 64, 64, 64, 64, 64]",[1. 1. 1. 1. 1. 1. 1. 1.],0
24,"[3714, 3714, 3714, 3714, 3714, 3714, 3714, 3714]","[2255, 2255, 2255, 2255, 2255, 2255, 2255, 2255]","[6, 6, 6, 6, 6, 6, 6, 6]","[134, 134, 134, 134, 134, 134, 134, 134]","[6, 6, 6, 6, 6, 6, 6, 6]","[2, 2, 2, 2, 2, 2, 2, 2]","[381, 381, 381, 381, 381, 381, 381, 381]","[29, 29, 29, 29, 29, 29, 29, 29]","[64, 64, 64, 64, 64, 64, 64, 64]",[1. 1. 1. 1. 1. 1. 1. 1.],0
25,"[3715, 3715, 3715, 3715, 3715, 3715, 3715, 3715]","[2246, 2246, 2246, 2246, 2246, 2246, 2246, 2246]","[7, 7, 7, 7, 7, 7, 7, 7]","[150, 150, 150, 150, 150, 150, 150, 150]","[6, 6, 6, 6, 6, 6, 6, 6]","[2, 2, 2, 2, 2, 2, 2, 2]","[385, 385, 385, 385, 385, 385, 385, 385]","[29, 29, 29, 29, 29, 29, 29, 29]","[64, 64, 64, 64, 64, 64, 64, 64]",[1. 1. 1. 1. 1. 1. 1. 1.],0
26,"[3717, 3717, 3717, 3717, 3717, 3717, 3717, 3717]","[2236, 2236, 2236, 2236, 2236, 2236, 2236, 2236]","[9, 9, 9, 9, 9, 9, 9, 9]","[166, 166, 166, 166, 166, 166, 166, 166]","[6, 6, 6, 6, 6, 6, 6, 6]","[2, 2, 2, 2, 2, 2, 2, 2]","[389, 389, 389, 389, 389, 389, 389, 389]","[0, 0, 0, 0, 0, 0, 0, 0]","[64, 64, 64, 64, 64, 64, 64, 64]",[1. 1. 1. 1. 1. 1. 1. 1.],0
27,"[3719, 3719, 3719, 3719, 3719, 3719, 3719, 3719]","[2226, 2226, 2226, 2226, 2226, 2226, 2226, 2226]","[12, 12, 12, 12, 12, 12, 12, 12]","[182, 182, 182, 182, 182, 182, 182, 182]","[6, 6, 6, 6, 6, 6, 6, 6]","[2, 2, 2, 2, 2, 2, 2, 2]","[393, 393, 393, 393, 393, 393, 393, 393]","[0, 0, 0, 0, 0, 0, 0, 0]","[64, 64, 64, 64, 64, 64, 64, 64]",[1. 1. 1. 1. 1. 1. 1. 1.],0
28,"[3723, 3723, 3723, 3723, 3723, 3723, 3723, 3723]","[2215, 2215, 2215, 2215, 2215, 2215, 2215, 2215]","[16, 16, 16, 16, 16, 16, 16, 16]","[202, 202, 202, 202, 202, 202, 202, 202]","[6, 6, 6, 6, 6, 6, 6, 6]","[2, 2, 2, 2, 2, 2, 2, 2]","[397, 397, 397, 397, 397, 397, 397, 397]","[0, 0, 0, 0, 0, 0, 0, 0]","[64, 64, 64, 64, 64, 64, 64, 64]",[1. 1. 1. 1. 1. 1. 1. 1.],0
29,"[3728, 3728, 3728, 3728, 3728, 3728, 3728, 3728]","[2203, 2203, 2203, 2203, 2203, 2203, 2203, 2203]","[18, 18, 18, 18, 18, 19, 19, 19]","[234, 234, 234, 234, 234, 234, 234, 234]","[6, 6, 6, 6, 6, 6, 6, 6]","[2, 2, 2, 2, 2, 2, 2, 2]","[401, 401, 401, 401, 401, 401, 401, 401]","[0, 0, 0, 0, 0, 0, 0, 0]","[64, 64, 64, 64, 64, 64, 64, 64]",[1. 1. 1. 1. 1. 1. 1. 1.],0
30,"[3735, 3735, 3735, 3735, 3735, 3735, 3735, 3735]","[2189, 2189, 2189, 2189, 2189, 2189, 2189, 2189]","[20, 20, 20, 20, 20, 21, 21, 21]","[270, 270, 270, 270, 270, 270, 270, 270]","[6, 6, 6, 6, 6, 6, 6, 6]","[2, 2, 2, 2, 2, 2, 2, 2]","[405, 405, 405, 405, 405, 405, 405, 405]","[0, 0, 0, 0, 0, 0, 0, 0]","[64, 64, 64, 64, 64, 64, 64, 64]",[1. 1. 1. 1. 1. 1. 1. 1.],0
31,"[3743, 3743, 3743, 3743, 3743, 3744, 3744, 3744]","[2173, 2173, 2173, 2173, 2173, 2173, 2173, 2173]","[20, 20, 20, 20, 20, 22, 21, 21]","[318, 318, 318, 318, 318, 318, 318, 318]","[6, 6, 6, 6, 6, 6, 6, 6]","[2, 2, 2, 2, 2, 2, 2, 2]","[409, 409, 409, 409, 409, 409, 409, 409]","[0, 0, 0, 0, 0, 0, 0, 0]","[64, 64, 64, 64, 64, 64, 64, 64]",[1. 1. 1. 1. 1. 1. 1. 1.],0
32,"[3752, 3752, 3752, 3752, 3752, 3755, 3754, 3754]","[2154, 2155, 2155, 2155, 2155, 2155, 2156, 2156]","[18, 18, 18, 18, 18, 21, 21, 21]","[330, 312, 312, 312, 312, 330, 312, 312]","[6, 6, 6, 6, 6, 6, 6, 6]","[2, 2, 2, 2, 2, 2, 2, 2]","[413, 413, 413, 413, 413, 413, 413, 413]","[0, 0, 0, 0, 0, 0, 0, 0]","[64, 64, 64, 64, 64, 64, 64, 64]",[1. 1. 1. 1. 1. 1. 1. 1.],0
33,"[3761, 3760, 3760, 3760, 3760, 3764, 3763, 3763]","[2136, 2138, 2138, 2138, 2138, 2138, 2139, 2139]","[16, 16, 16, 16, 16, 19, 19, 19]","[306, 288, 288, 288, 288, 306, 288, 288]","[6, 6, 6, 6, 6, 6, 6, 6]","[2, 2, 2, 2, 2, 2, 2, 2]","[417, 417, 417, 417, 417, 417, 417, 417]","[0, 0, 0, 0, 0, 0, 0, 0]","[64, 64, 64, 64, 64, 64, 64, 64]",[1. 1. 1. 1. 1. 1. 1. 1.],0
34,"[3767, 3766, 3766, 3766, 3766, 3772, 3770, 3770]","[2119, 2121, 2121, 2121, 2121, 2121, 2123, 2123]","[13, 13, 13, 13, 13, 16, 16, 16]","[282, 264, 264, 264, 264, 282, 264, 264]","[6, 6, 6, 6, 6, 6, 6, 6]","[2, 2, 2, 2, 2, 2, 2, 2]","[421, 421, 421, 421, 421, 421, 421, 421]","[0, 0, 0, 0, 0, 0, 0, 0]","[64, 64, 64, 64, 64, 64, 64, 64]",[1. 1. 1. 1. 1. 1. 1. 1.],0
35,"[3772, 3771, 3771, 3771, 3771, 3778, 3776, 3776]","[2102, 2105, 2105, 2105, 2105, 2105, 2108, 2108]","[9, 9, 9, 9, 9, 12, 12, 12]","[312, 294, 294, 294, 294, 258, 244, 244]","[6, 6, 6, 6, 6, 6, 6, 6]","[2, 2, 2, 2, 2, 2, 2, 2]","[425, 425, 425, 425, 425, 425, 425, 425]","[0, 0, 0, 0, 0, 0, 0, 0]","[64, 64, 64, 64, 64, 64, 64, 64]",[1. 1. 1. 1. 1. 1. 1. 1.],0
36,"[3775, 3773, 3773, 3773, 3773, 3782, 3780, 3780]","[2081, 2086, 2086, 2086, 2086, 2089, 2094, 2094]","[3, 3, 3, 3, 3, 7, 7, 7]","[360, 342, 342, 342, 342, 284, 268, 252]","[6, 6, 6, 6, 6, 6, 6, 6]","[2, 2, 2, 2, 2, 2, 2, 2]","[429, 429, 429, 429, 429, 429, 429, 429]","[0, 0, 0, 0, 0, 0, 0, 0]","[64, 64, 64, 64, 64, 64, 64, 64]",[1. 1. 1. 1. 1. 1. 1. 1.],0
37,"[3775, 3774, 3774, 3774, 3774, 3784, 3782, 3782]","[2058, 2064, 2064, 2064, 2064, 2071, 2076, 2077]","[254, 254, 254, 254, 254, 2, 2, 2]","[408, 390, 390, 390, 390, 332, 316, 296]","[6, 6, 6, 6, 6, 6, 6, 6]","[2, 2, 2, 2, 2, 2, 2, 2]","[433, 433, 433, 433, 433, 433, 433, 433]","[0, 0, 0, 0, 0, 0, 0, 0]","[64, 64, 64, 64, 64, 64, 64, 64]",[1. 1. 1. 1. 1. 1. 1. 1.],0
38,"[3773, 3771, 3771, 3771, 3771, 3784, 3781, 3781]","[2031, 2038, 2038, 2038, 2038, 2049, 2055, 2058]","[248, 248, 248, 248, 248, 252, 252, 252]","[456, 438, 438, 438, 438, 380, 364, 344]","[6, 6, 6, 6, 6, 6, 6, 6]","[2, 2, 2, 2, 2, 2, 2, 2]","[437, 437, 437, 437, 437, 437, 437, 437]","[0, 0, 0, 0, 0, 0, 0, 0]","[64, 64, 64, 64, 64, 64, 64, 64]",[1. 1. 1. 1. 1. 1. 1. 1.],0
39,"[3768, 3766, 3766, 3766, 3766, 3780, 3778, 3778]","[2002, 2010, 2010, 2010, 2010, 2024, 2031, 2036]","[243, 243, 243, 243, 243, 247, 247, 247]","[488, 474, 474, 474, 474, 428, 412, 392]","[6, 6, 6, 6, 6, 6, 6, 6]","[2, 2, 2, 2, 2, 2, 2, 2]","[441, 441, 441, 441, 441, 441, 441, 441]","[0, 0, 0, 0, 0, 0, 0, 0]","[64, 64, 64, 64, 64, 64, 64, 64]",[1. 1. 1. 1. 1. 1. 1. 1.],0
40,"[3764, 3760, 3760, 3760, 3760, 3774, 3771, 3771]","[1971, 1981, 1981, 1981, 1981, 1997, 2006, 2011]","[237, 237, 237, 237, 237, 241, 241, 241]","[520, 506, 506, 506, 506, 468, 456, 440]","[6, 6, 6, 6, 6, 6, 6, 6]","[2, 2, 2, 2, 2, 2, 2, 2]","[445, 445, 445, 445, 445, 445, 445, 445]","[0, 0, 0, 0, 0, 0, 0, 0]","[64, 64, 64, 64, 64, 64, 64, 64]",[1. 1. 1. 1. 1. 1. 1. 1.],0
41,"[3758, 3754, 3754, 3754, 3754, 3766, 3763, 3761]","[1939, 1949, 1949, 1949, 1949, 1968, 1977, 1984]","[232, 232, 232, 232, 232, 236, 236, 236]","[552, 538, 538, 538, 538, 500, 488, 476]","[6, 6, 6, 6, 6, 6, 6, 6]","[2, 2, 2, 2, 2, 2, 2, 2]","[449, 449, 449, 449, 449, 449, 449, 449]","[0, 0, 0, 0, 0, 0, 0, 0]","[64, 64, 64, 64, 64, 64, 64, 64]",[1. 1. 1. 1. 1. 1. 1. 1.],0
42,"[3752, 3747, 3747, 3747, 3747, 3758, 3754, 3751]","[1904, 1915, 1915, 1915, 1915, 1937, 1948, 1956]","[226, 226, 226, 226, 226, 230, 230, 230]","[580, 570, 570, 570, 570, 532, 520, 508]","[6, 6, 6, 6, 6, 6, 6, 6]","[2, 2, 2, 2, 2, 2, 2, 2]","[453, 453, 453, 453, 453, 453, 453, 453]","[0, 0, 0, 0, 0, 0, 0, 0]","[64, 64, 64, 64, 64, 64, 64, 64]",[1. 1. 1. 1. 1. 1. 1. 1.],0
43,"[3745, 3739, 3739, 3739, 3739, 3749, 3744, 3739]","[1868, 1880, 1880, 1880, 1880, 1905, 1916, 1925]","[221, 221, 221, 221, 221, 225, 225, 225]","[596, 590, 590, 590, 590, 564, 552, 540]","[6, 6, 6, 6, 6, 6, 6, 6]","[2, 2, 2, 2, 2, 2, 2, 2]","[457, 457, 457, 457, 457, 457, 457, 457]","[0, 0, 0, 0, 0, 0, 0, 0]","[64, 64, 64, 64, 64, 64, 64, 64]",[1. 1. 1. 1. 1. 1. 1. 1.],0
44,"[3736, 3730, 3730, 3730, 3730, 3739, 3732, 3726]","[1831, 1844, 1844, 1844, 1844, 1870, 1883, 1893]","[215, 215, 215, 215, 215, 219, 220, 219]","[612, 606, 606, 606, 606, 588, 580, 572]","[6, 6, 6, 6, 6, 6, 6, 6]","[2, 2, 2, 2, 2, 2, 2, 2]","[461, 461, 461, 461, 461, 461, 461, 461]","[1, 1, 1, 1, 1, 0, 0, 0]","[64, 64, 64, 64, 64, 64, 64, 64]",[1. 1. 1. 1. 1. 1. 1. 1.],0
45,"[3719, 3711, 3711, 3711, 3711, 3727, 3712, 3706]","[1797, 1811, 1811, 1811, 1811, 1835, 1852, 1863]","[211, 211, 211, 211, 211, 214, 215, 215]","[628, 622, 622, 622, 622, 604, 596, 592]","[6, 6, 6, 6, 6, 6, 6, 6]","[2, 2, 2, 2, 2, 2, 2, 2]","[465, 465, 465, 465, 465, 465, 465, 465]","[1, 1, 1, 1, 1, 1, 1, 0]","[64, 64, 64, 64, 64, 64, 64, 64]",[1. 1. 1. 1. 1. 1. 1. 1.],0
46,"[3692, 3684, 3684, 3684, 3684, 3707, 3684, 3678]","[1768, 1783, 1783, 1783, 1783, 1803, 1828, 1839]","[208, 208, 208, 208, 208, 210, 212, 211]","[642, 638, 638, 638, 638, 620, 612, 608]","[6, 6, 6, 6, 6, 6, 6, 6]","[2, 2, 2, 2, 2, 2, 2, 2]","[469, 469, 469, 469, 469, 469, 469, 469]","[1, 1, 1, 1, 1, 1, 1, 1]","[64, 64, 64, 64, 64, 64, 64, 64]",[1. 1. 1. 1. 1. 1. 1. 1.],0
47,"[3658, 3650, 3650, 3650, 3649, 3678, 3650, 3644]","[1746, 1762, 1762, 1762, 1762, 1777, 1809, 1820]","[206, 206, 206, 206, 206, 207, 210, 209]","[650, 648, 648, 648, 648, 636, 628, 624]","[6, 6, 6, 6, 6, 6, 6, 6]","[2, 2, 2, 2, 2, 2, 2, 2]","[473, 473, 473, 473, 473, 473, 473, 473]","[1, 1, 1, 1, 1, 1, 1, 1]","[64, 64, 64, 64, 64, 64, 64, 64]",[1. 1. 1. 1. 1. 1. 1. 1.],0
48,"[3620, 3613, 3613, 3613, 3612, 3643, 3614, 3609]","[1732, 1744, 1744, 1744, 1746, 1758, 1792, 1804]","[205, 205, 205, 205, 205, 205, 209, 208]","[658, 656, 656, 656, 656, 646, 642, 640]","[6, 6, 6, 6, 6, 6, 6, 6]","[2, 2, 2, 2, 2, 2, 2, 2]","[477, 477, 477, 477, 477, 477, 477, 477]","[1, 1, 1, 1, 1, 1, 1, 1]","[64, 64, 64, 64, 64, 64, 64, 64]",[1. 1. 1. 1. 1. 1. 1. 1.],0
49,"[3581, 3575, 3575, 3575, 3573, 3605, 3577, 3571]","[1719, 1729, 1729, 1729, 1731, 1743, 1776, 1789]","[205, 205, 205, 205, 205, 204, 209, 208]","[666, 664, 664, 664, 664, 654, 650, 648]","[6, 6, 6, 6, 6, 6, 6, 6]","[2, 2, 2, 2, 2, 2, 2, 2]","[481, 481, 481, 481, 481, 481, 481, 481]","[1, 1, 1, 1, 1, 1, 1, 1]","[64, 64, 64, 64, 64, 64, 64, 64]",[1. 1. 1. 1. 1. 1. 1. 1.],0
50,"[3541, 3536, 3536, 3536, 3534, 3566, 3540, 3534]","[1706, 1714, 1714, 1714, 1718, 1730, 1759, 1774]","[205, 205, 205, 205, 205, 203, 209, 208]","[674, 672, 672, 672, 672, 662, 658, 656]","[6, 6, 6, 6, 6, 6, 6, 6]","[2, 2, 2, 2, 2, 2, 2, 2]","[485, 485, 485, 485, 485, 485, 485, 485]","[1, 1, 1, 1, 1, 1, 1, 1]","[64, 64, 64, 64, 64, 64, 64, 64]",[1. 1. 1. 1. 1. 1. 1. 1.],0
51,"[3501, 3495, 3495, 3495, 3494, 3526, 3502, 3496]","[1693, 1701, 1701, 1701, 1705, 1718, 1742, 1758]","[205, 205, 205, 205, 205, 203, 209, 208]","[682, 680, 680, 680, 680, 670, 666, 646]","[6, 6, 6, 6, 6, 6, 6, 6]","[2, 2, 2, 2, 2, 2, 2, 2]","[489, 489, 489, 489, 489, 489, 489, 489]","[1, 1, 1, 1, 1, 1, 1, 1]","[64, 64, 64, 64, 64, 64, 64, 64]",[1. 1. 1. 1. 1. 1. 1. 1.],0
52,"[3460, 3455, 3455, 3455, 3453, 3486, 3464, 3459]","[1680, 1688, 1688, 1688, 1692, 1707, 1725, 1744]","[205, 205, 205, 205, 205, 203, 209, 208]","[690, 688, 688, 688, 688, 678, 656, 600]","[6, 6, 6, 6, 6, 6, 6, 6]","[2, 2, 2, 2, 2, 2, 2, 2]","[493, 493, 493, 493, 493, 493, 493, 493]","[1, 1, 1, 1, 1, 1, 1, 1]","[64, 64, 64, 64, 64, 64, 64, 84]",[ 1.  1.  1.  1.  1.  1.  1. -1.],0
53,"[3419, 3414, 3414, 3414, 3412, 3445, 3427, 3424]","[1667, 1675, 1675, 1675, 1679, 1695, 1709, 1730]","[205, 205, 205, 205, 205, 203, 209, 208]","[698, 696, 696, 696, 696, 686, 610, 596]","[6, 6, 6, 6, 6, 6, 6, 6]","[2, 2, 2, 2, 2, 2, 2, 2]","[497, 497, 497, 497, 497, 497, 497, 497]","[1, 1, 1, 1, 1, 1, 1, 1]","[64, 64, 64, 64, 64, 64, 84, 84]",[ 1.  1.  1.  1.  1.  1. -1. -1.],0
54,"[3377, 3372, 3372, 3372, 3371, 3403, 3394, 3390]","[1653, 1662, 1662, 1662, 1666, 1683, 1694, 1716]","[205, 205, 205, 205, 205, 203, 209, 208]","[705, 704, 704, 704, 668, 694, 586, 592]","[6, 6, 6, 6, 6, 6, 6, 6]","[2, 2, 2, 2, 2, 2, 2, 2]","[501, 501, 501, 501, 501, 501, 501, 501]","[2, 2, 2, 2, 2, 1, 1, 2]","[64, 64, 64, 64, 64, 64, 64, 84]",[ 1.  1.  1.  1.  1.  1.  1. -1.],0
55,"[3335, 3330, 3330, 3330, 3331, 3361, 3360, 3356]","[1640, 1649, 1649, 1649, 1653, 1672, 1679, 1703]","[205, 205, 205, 205, 205, 203, 209, 208]","[677, 676, 676, 676, 640, 666, 582, 588]","[6, 6, 6, 6, 6, 6, 6, 6]","[2, 2, 2, 2, 2, 2, 2, 2]","[505, 505, 505, 505, 505, 505, 505, 505]","[2, 2, 2, 2, 2, 2, 2, 2]","[84, 84, 84, 84, 84, 84, 84, 84]",[-1. -1. -1. -1. -1.  1. -1. -1.],0
56,"[3296, 3291, 3291, 3291, 3294, 3323, 3327, 3322]","[1627, 1636, 1636, 1636, 1641, 1661, 1663, 1689]","[205, 205, 205, 205, 205, 203, 209, 208]","[650, 614, 614, 614, 596, 602, 578, 584]","[6, 6, 6, 6, 6, 6, 6, 6]","[2, 2, 2, 2, 2, 2, 2, 2]","[509, 509, 509, 509, 509, 509, 509, 509]","[2, 2, 2, 2, 2, 2, 2, 2]","[64, 84, 84, 84, 84, 84, 84, 84]",[ 1. -1. -1. -1. -1. -1. -1. -1.],0
57,"[3258, 3256, 3256, 3256, 3259, 3287, 3293, 3288]","[1615, 1625, 1625, 1625, 1630, 1651, 1649, 1675]","[205, 205, 205, 205, 205, 203, 209, 208]","[604, 591, 591, 591, 592, 578, 594, 580]","[6, 6, 6, 6, 6, 6, 6, 6]","[2, 2, 2, 2, 2, 2, 2, 2]","[513, 513, 513, 513, 513, 513, 513, 513]","[3, 3, 3, 3, 3, 2, 2, 2]","[84, 84, 84, 84, 84, 84, 84, 84]",[-1. -1. -1. -1. -1. -1. -1. -1.],0
58,"[3223, 3221, 3221, 3221, 3224, 3252, 3260, 3254]","[1603, 1614, 1614, 1614, 1619, 1641, 1634, 1662]","[205, 205, 205, 205, 205, 203, 209, 208]","[580, 587, 587, 587, 588, 594, 590, 596]","[6, 6, 6, 6, 6, 6, 6, 6]","[2, 2, 2, 2, 2, 2, 2, 2]","[517, 517, 517, 517, 517, 517, 517, 517]","[3, 3, 3, 3, 3, 3, 3, 3]","[84, 84, 84, 84, 84, 84, 84, 84]",[-1. -1. -1. -1. -1. -1. -1. -1.],0
59,"[3188, 3186, 3186, 3186, 3189, 3217, 3226, 3220]","[1592, 1603, 1603, 1603, 1608, 1631, 1619, 1648]","[205, 205, 205, 205, 205, 203, 209, 208]","[596, 583, 583, 583, 584, 590, 586, 592]","[6, 6, 6, 6, 6, 6, 6, 6]","[2, 2, 2, 2, 2, 2, 2, 2]","[521, 521, 521, 521, 521, 521, 521, 521]","[3, 3, 3, 3, 3, 3, 3, 3]","[84, 84, 84, 84, 84, 84, 84, 84]",[-1. -1. -1. -1. -1. -1. -1. -1.],0
60,"[3153, 3151, 3151, 3151, 3154, 3181, 3193, 3186]","[1581, 1592, 1592, 1592, 1596, 1621, 1604, 1634]","[205, 205, 205, 205, 205, 203, 209, 208]","[592, 579, 579, 579, 580, 586, 582, 588]","[6, 6, 6, 6, 6, 6, 6, 6]","[2, 2, 2, 2, 2, 2, 2, 2]","[525, 525, 525, 525, 525, 525, 525, 525]","[3, 3, 3, 3, 3, 3, 3, 3]","[84, 84, 84, 84, 84, 84, 84, 84]",[-1. -1. -1. -1. -1. -1. -1. -1.],0
61,"[3118, 3116, 3116, 3116, 3119, 3146, 3159, 3151]","[1569, 1580, 1580, 1580, 1585, 1612, 1588, 1621]","[205, 205, 205, 205, 205, 203, 209, 208]","[588, 595, 595, 595, 596, 582, 578, 584]","[6, 6, 6, 6, 6, 6, 6, 6]","[2, 2, 2, 2, 2, 2, 2, 2]","[529, 529, 529, 529, 529, 529, 529, 529]","[3, 3, 3, 3, 3, 3, 3, 3]","[84, 84, 84, 84, 84, 84, 84, 84]",[-1. -1. -1. -1. -1. -1. -1. -1.],0
62,"[3083, 3081, 3081, 3081, 3084, 3110, 3126, 3117]","[1558, 1569, 1569, 1569, 1574, 1602, 1574, 1607]","[205, 205, 205, 205, 205, 203, 209, 208]","[584, 591, 591, 591, 592, 578, 594, 580]","[6, 6, 6, 6, 6, 6, 6, 6]","[2, 2, 2, 2, 2, 2, 2, 2]","[533, 533, 533, 533, 533, 533, 533, 533]","[3, 3, 3, 3, 3, 3, 3, 3]","[84, 84, 84, 84, 84, 84, 84, 84]",[-1. -1. -1. -1. -1. -1. -1. -1.],0
63,"[3048, 3046, 3046, 3046, 3049, 3075, 3093, 3083]","[1547, 1558, 1558, 1558, 1562, 1592, 1559, 1593]","[205, 205, 205, 205, 205, 203, 209, 208]","[580, 587, 587, 587, 588, 594, 590, 596]","[6, 6, 6, 6, 6, 6, 6, 6]","[2, 2, 2, 2, 2, 2, 2, 2]","[537, 537, 537, 537, 537, 537, 537, 537]","[3, 3, 3, 3, 3, 3, 3, 3]","[84, 84, 84, 84, 84, 84, 84, 84]",[-1. -1. -1. -1. -1. -1. -1. -1.],0
64,"[3013, 3011, 3011, 3011, 3014, 3040, 3059, 3049]","[1536, 1547, 1547, 1547, 1551, 1582, 1544, 1580]","[205, 205, 205, 205, 205, 203, 209, 208]","[596, 583, 583, 583, 584, 590, 586, 592]","[6, 6, 6, 6, 6, 6, 6, 6]","[2, 2, 2, 2, 2, 2, 2, 2]","[541, 541, 541, 541, 541, 541, 541, 541]","[3, 3, 3, 3, 3, 3, 3, 3]","[84, 84, 84, 84, 84, 84, 84, 84]",[-1. -1. -1. -1. -1. -1. -1. -1.],0
65,"[2978, 2976, 2976, 2976, 2979, 3005, 3026, 3015]","[1524, 1536, 1536, 1536, 1540, 1572, 1529, 1566]","[205, 205, 205, 205, 205, 203, 209, 208]","[592, 579, 579, 579, 580, 586, 582, 588]","[6, 6, 6, 6, 6, 6, 6, 6]","[2, 2, 2, 2, 2, 2, 2, 2]","[545, 545, 545, 545, 545, 545, 545, 545]","[3, 3, 3, 3, 3, 3, 3, 3]","[84, 84, 84, 84, 84, 84, 84, 84]",[-1. -1. -1. -1. -1. -1. -1. -1.],0
66,"[2943, 2941, 2941, 2941, 2944, 2969, 2992, 2981]","[1513, 1525, 1525, 1525, 1529, 1562, 1513, 1552]","[205, 205, 205, 205, 205, 203, 209, 208]","[588, 595, 595, 595, 596, 582, 578, 584]","[6, 6, 6, 6, 6, 6, 6, 6]","[2, 2, 2, 2, 2, 2, 2, 2]","[549, 549, 549, 549, 549, 549, 549, 549]","[3, 3, 3, 3, 3, 3, 3, 3]","[84, 84, 84, 84, 84, 84, 84, 84]",[-1. -1. -1. -1. -1. -1. -1. -1.],0
67,"[2908, 2906, 2906, 2906, 2909, 2934, 2959, 2947]","[1502, 1514, 1514, 1514, 1517, 1552, 1499, 1538]","[205, 205, 205, 205, 205, 203, 209, 208]","[584, 591, 591, 591, 592, 578, 594, 580]","[6, 6, 6, 6, 6, 6, 6, 6]","[2, 2, 2, 2, 2, 2, 2, 2]","[553, 553, 553, 553, 553, 553, 553, 553]","[3, 3, 3, 3, 3, 3, 3, 3]","[84, 84, 84, 84, 84, 84, 84, 84]",[-1. -1. -1. -1. -1. -1. -1. -1.],0
68,"[2873, 2879, 2879, 2879, 2874, 2899, 2926, 2913]","[1490, 1505, 1505, 1505, 1506, 1542, 1484, 1525]","[205, 205, 205, 205, 205, 203, 209, 208]","[580, 583, 583, 583, 588, 594, 590, 596]","[6, 6, 6, 6, 6, 6, 6, 6]","[2, 2, 2, 2, 2, 2, 2, 2]","[557, 556, 556, 556, 557, 557, 557, 557]","[4, 4, 4, 4, 4, 3, 3, 3]","[84, 84, 84, 84, 84, 84, 84, 84]",[-1.  1.  1.  1. -1. -1. -1. -1.],0
69,"[3712, 3712, 3712, 3712, 3712, 2872, 2892, 2878]","[2288, 2288, 2288, 2288, 2288, 1535, 1469, 1511]","[0, 0, 0, 0, 0, 203, 209, 208]","[0, 0, 0, 0, 0, 586, 586, 592]","[4, 4, 4, 4, 4, 6, 6, 6]","[2, 2, 2, 2, 2, 2, 2, 2]","[285, 285, 285, 285, 285, 560, 561, 561]","[29, 29, 29, 29, 29, 4, 3, 4]","[64, 64, 64, 64, 64, 84, 84, 84]",[-1. -1. -1. -1. -1.  1. -1. -1.],0
70,"[3712, 3712, 3712, 3712, 3712, 3712, 2875, 3712]","[2288, 2288, 2288, 2288, 2288, 2288, 1461, 2288]","[0, 0, 0, 0, 0, 0, 209, 0]","[0, 0, 0, 0, 0, 0, 594, 0]","[4, 4, 4, 4, 4, 4, 6, 4]","[2, 2, 2, 2, 2, 2, 2, 2]","[289, 289, 289, 289, 289, 285, 563, 285]","[29, 29, 29, 29, 29, 29, 4, 29]","[64, 64, 64, 64, 64, 64, 84, 64]",[-1. -1. -1. -1. -1. -1.  1. -1.],0
71,"[3712, 3712, 3712, 3712, 3712, 3712, 3712, 3712]","[2288, 2288, 2288, 2288, 2288, 2288, 2288, 2288]","[0, 0, 0, 0, 0, 0, 0, 0]","[0, 0, 0, 0, 0, 0, 0, 0]","[4, 4, 4, 4, 4, 4, 4, 4]","[2, 2, 2, 2, 2, 2, 2, 2]","[293, 293, 293, 293, 293, 289, 285, 289]","[29, 29, 29, 29, 29, 29, 29, 29]","[64, 64, 64, 64, 64, 64, 64, 64]",[-1. -1. -1. -1. -1. -1. -1. -1.],0
72,"[3712, 3712, 3712, 3712, 3712, 3712, 3712, 3712]","[2288, 2288, 2288, 2288, 2288, 2288, 2288, 2288]","[0, 0, 0, 0, 0, 0, 0, 0]","[0, 0, 0, 0, 0, 0, 0, 0]","[4, 4, 4, 4, 4, 4, 4, 4]","[2, 2, 2, 2, 2, 2, 2, 2]","[297, 297, 297, 297, 297, 293, 289, 293]","[29, 29, 29, 29, 29, 29, 29, 29]","[64, 64, 64, 64, 64, 64, 64, 64]",[-1. -1. -1. -1. -1. -1. -1. -1.],0
73,"[3712, 3712, 3712, 3712, 3712, 3712, 3712, 3712]","[2288, 2288, 2288, 2288, 2288, 2288, 2288, 2288]","[0, 0, 0, 0, 0, 0, 0, 0]","[0, 0, 0, 0, 0, 0, 0, 0]","[4, 4, 4, 4, 4, 4, 4, 4]","[2, 2, 2, 2, 2, 2, 2, 2]","[301, 301, 301, 301, 301, 297, 293, 297]","[29, 29, 29, 29, 29, 29, 29, 29]","[64, 64, 64, 64, 64, 64, 64, 64]",[-1. -1. -1. -1. -1. -1. -1. -1.],0
74,"[3712, 3712, 3712, 3712, 3712, 3712, 3712, 3712]","[2288, 2288, 2288, 2288, 2288, 2288, 2288, 2288]","[0, 0, 0, 0, 0, 0, 0, 0]","[0, 0, 0, 0, 0, 0, 0, 0]","[4, 4, 4, 4, 4, 4, 4, 4]","[2, 2, 2, 2, 2, 2, 2, 2]","[305, 305, 305, 305, 305, 301, 297, 301]","[29, 29, 29, 29, 29, 29, 29, 29]","[64, 64, 64, 64, 64, 64, 64, 64]",[-1. -1. -1. -1. -1. -1. -1. -1.],0
75,"[3712, 3712, 3712, 3712, 3712, 3712, 3712, 3712]","[2288, 2288, 2288, 2288, 2288, 2288, 2288, 2288]","[0, 0, 0, 0, 0, 0, 0, 0]","[0, 0, 0, 0, 0, 0, 0, 0]","[4, 4, 4, 4, 4, 4, 4, 4]","[2, 2, 2, 2, 2, 2, 2, 2]","[309, 309, 309, 309, 309, 305, 301, 305]","[29, 29, 29, 29, 29, 29, 29, 29]","[64, 64, 64, 64, 64, 64, 64, 64]",[-1. -1. -1. -1. -1. -1. -1. -1.],0
76,"[3712, 3712, 3712, 3712, 3712, 3712, 3712, 3712]","[2288, 2288, 2288, 2288, 2288, 2288, 2288, 2288]","[0, 0, 0, 0, 0, 0, 0, 0]","[0, 0, 0, 0, 0, 0, 0, 0]","[4, 4, 4, 4, 4, 4, 4, 4]","[2, 2, 2, 2, 2, 2, 2, 2]","[313, 313, 313, 313, 313, 309, 305, 309]","[29, 29, 29, 29, 29, 29, 29, 29]","[64, 64, 64, 64, 64, 64, 64, 64]",[-1. -1. -1. -1. -1. -1. -1. -1.],0
77,"[3712, 3712, 3712, 3712, 3712, 3712, 3712, 3712]","[2288, 2288, 2288, 2288, 2288, 2288, 2288, 2288]","[0, 0, 0, 0, 0, 0, 0, 0]","[0, 0, 0, 0, 0, 0, 0, 0]","[4, 4, 4, 4, 4, 4, 4, 4]","[2, 2, 2, 2, 2, 2, 2, 2]","[317, 317, 317, 317, 317, 313, 309, 313]","[29, 29, 29, 29, 29, 29, 29, 29]","[64, 64, 64, 64, 64, 64, 64, 64]",[-1. -1. -1. -1. -1. -1. -1. -1.],0
78,"[3712, 3712, 3712, 3712, 3712, 3712, 3712, 3712]","[2288, 2288, 2288, 2288, 2288, 2288, 2288, 2288]","[0, 0, 0, 0, 0, 0, 0, 0]","[0, 0, 0, 0, 0, 0, 0, 0]","[4, 4, 4, 4, 4, 4, 4, 4]","[2, 2, 2, 2, 2, 2, 2, 2]","[321, 321, 321, 321, 321, 317, 313, 317]","[29, 29, 29, 29, 29, 29, 29, 29]","[64, 64, 64, 64, 64, 64, 64, 64]",[-1. -1. -1. -1. -1. -1. -1. -1.],0
79,"[3712, 3712, 3712, 3712, 3712, 3712, 3712, 3712]","[2288, 2288, 2288, 2288, 2288, 2288, 2288, 2288]","[0, 0, 0, 0, 0, 0, 0, 0]","[0, 0, 0, 0, 0, 0, 0, 0]","[4, 4, 4, 4, 4, 4, 4, 4]","[2, 2, 2, 2, 2, 2, 2, 2]","[325, 325, 325, 325, 325, 321, 317, 321]","[29, 29, 29, 29, 29, 29, 29, 29]","[64, 64, 64, 64, 64, 64, 64, 64]",[-1. -1. -1. -1. -1. -1. -1. -1.],0
80,"[3712, 3712, 3712, 3712, 3712, 3712, 3712, 3712]","[2288, 2288, 2288, 2288, 2288, 2288, 2288, 2288]","[0, 0, 0, 0, 0, 0, 0, 0]","[0, 0, 0, 0, 0, 0, 0, 0]","[4, 4, 4, 4, 4, 4, 4, 4]","[2, 2, 2, 2, 2, 2, 2, 2]","[329, 329, 329, 329, 329, 325, 321, 325]","[29, 29, 29, 29, 29, 29, 29, 29]","[64, 64, 64, 64, 64, 64, 64, 64]",[-1. -1. -1. -1. -1. -1. -1. -1.],0
81,"[3712, 3712, 3712, 3712, 3712, 3712, 3712, 3712]","[2288, 2288, 2288, 2288, 2288, 2288, 2288, 2288]","[0, 0, 0, 0, 0, 0, 0, 0]","[0, 0, 0, 0, 0, 0, 0, 0]","[4, 4, 4, 4, 4, 4, 4, 4]","[2, 2, 2, 2, 2, 2, 2, 2]","[333, 333, 333, 333, 333, 329, 325, 329]","[29, 29, 29, 29, 29, 29, 29, 29]","[64, 64, 64, 64, 64, 64, 64, 64]",[-1. -1. -1. -1. -1. -1. -1. -1.],0
82,"[3712, 3712, 3712, 3712, 3712, 3712, 3712, 3712]","[2288, 2288, 2288, 2288, 2288, 2288, 2288, 2288]","[0, 0, 0, 0, 0, 0, 0, 0]","[0, 0, 0, 0, 0, 0, 0, 0]","[6, 6, 6, 6, 6, 4, 4, 4]","[2, 2, 2, 2, 2, 2, 2, 2]","[337, 337, 337, 337, 337, 333, 329, 333]","[29, 29, 29, 29, 29, 29, 29, 29]","[64, 64, 64, 64, 64, 64, 64, 64]",[-1. -1. -1. -1. -1. -1. -1. -1.],0
83,"[3712, 3712, 3712, 3712, 3712, 3712, 3712, 3712]","[2287, 2287, 2287, 2287, 2287, 2288, 2288, 2288]","[0, 0, 0, 0, 0, 0, 0, 0]","[8, 8, 8, 8, 8, 0, 0, 0]","[6, 6, 6, 6, 6, 6, 4, 6]","[2, 2, 2, 2, 2, 2, 2, 2]","[341, 341, 341, 341, 341, 337, 333, 337]","[29, 29, 29, 29, 29, 29, 29, 29]","[64, 64, 64, 64, 64, 64, 64, 64]",[ 1.  1.  1.  1.  1. -1. -1. -1.],0
84,"[3712, 3712, 3712, 3712, 3712, 3712, 3712, 3712]","[2287, 2287, 2287, 2287, 2287, 2287, 2288, 2287]","[0, 0, 0, 0, 0, 0, 0, 0]","[16, 16, 16, 16, 16, 8, 0, 8]","[6, 6, 6, 6, 6, 6, 6, 6]","[2, 2, 2, 2, 2, 2, 2, 2]","[345, 345, 345, 345, 345, 341, 337, 341]","[29, 29, 29, 29, 29, 29, 29, 29]","[64, 64, 64, 64, 64, 64, 64, 64]",[ 1.  1.  1.  1.  1.  1. -1.  1.],0
85,"[3712, 3712, 3712, 3712, 3712, 3712, 3712, 3712]","[2286, 2286, 2286, 2286, 2286, 2287, 2287, 2287]","[1, 1, 1, 1, 1, 0, 0, 0]","[24, 24, 24, 24, 24, 16, 8, 16]","[6, 6, 6, 6, 6, 6, 6, 6]","[2, 2, 2, 2, 2, 2, 2, 2]","[349, 349, 349, 349, 349, 345, 341, 345]","[29, 29, 29, 29, 29, 29, 29, 29]","[64, 64, 64, 64, 64, 64, 64, 64]",[1. 1. 1. 1. 1. 1. 1. 1.],0
86,"[3712, 3712, 3712, 3712, 3712, 3712, 3712, 3712]","[2284, 2284, 2284, 2284, 2284, 2286, 2287, 2286]","[1, 1, 1, 1, 1, 1, 0, 1]","[32, 32, 32, 32, 32, 24, 16, 24]","[6, 6, 6, 6, 6, 6, 6, 6]","[2, 2, 2, 2, 2, 2, 2, 2]","[353, 353, 353, 353, 353, 349, 345, 349]","[29, 29, 29, 29, 29, 29, 29, 29]","[64, 64, 64, 64, 64, 64, 64, 64]",[1. 1. 1. 1. 1. 1. 1. 1.],0
87,"[3712, 3712, 3712, 3712, 3712, 3712, 3712, 3712]","[2282, 2282, 2282, 2282, 2282, 2284, 2286, 2284]","[1, 1, 1, 1, 1, 1, 1, 1]","[40, 40, 40, 40, 40, 32, 24, 32]","[6, 6, 6, 6, 6, 6, 6, 6]","[2, 2, 2, 2, 2, 2, 2, 2]","[357, 357, 357, 357, 357, 353, 349, 353]","[29, 29, 29, 29, 29, 29, 29, 29]","[64, 64, 64, 64, 64, 64, 64, 64]",[1. 1. 1. 1. 1. 1. 1. 1.],0
88,"[3712, 3712, 3712, 3712, 3712, 3712, 3712, 3712]","[2279, 2279, 2279, 2279, 2279, 2282, 2284, 2282]","[2, 2, 2, 2, 2, 1, 1, 1]","[48, 48, 48, 48, 48, 40, 32, 40]","[6, 6, 6, 6, 6, 6, 6, 6]","[2, 2, 2, 2, 2, 2, 2, 2]","[361, 361, 361, 361, 361, 357, 353, 357]","[29, 29, 29, 29, 29, 29, 29, 29]","[64, 64, 64, 64, 64, 64, 64, 64]",[1. 1. 1. 1. 1. 1. 1. 1.],0
89,"[3712, 3712, 3712, 3712, 3712, 3712, 3712, 3712]","[2276, 2276, 2276, 2276, 2276, 2279, 2282, 2279]","[3, 3, 3, 3, 3, 2, 1, 2]","[56, 56, 56, 56, 56, 48, 40, 48]","[6, 6, 6, 6, 6, 6, 6, 6]","[2, 2, 2, 2, 2, 2, 2, 2]","[365, 365, 365, 365, 365, 361, 357, 361]","[29, 29, 29, 29, 29, 29, 29, 29]","[64, 64, 64, 64, 64, 64, 64, 64]",[1. 1. 1. 1. 1. 1. 1. 1.],0
90,"[3712, 3712, 3712, 3712, 3712, 3712, 3712, 3712]","[2272, 2272, 2272, 2272, 2272, 2276, 2279, 2276]","[3, 3, 3, 3, 3, 3, 2, 3]","[64, 64, 64, 64, 64, 56, 48, 56]","[6, 6, 6, 6, 6, 6, 6, 6]","[2, 2, 2, 2, 2, 2, 2, 2]","[369, 369, 369, 369, 369, 365, 361, 365]","[29, 29, 29, 29, 29, 29, 29, 29]","[64, 64, 64, 64, 64, 64, 64, 64]",[1. 1. 1. 1. 1. 1. 1. 1.],0
91,"[3712, 3712, 3712, 3712, 3712, 3712, 3712, 3712]","[2268, 2268, 2268, 2268, 2268, 2272, 2276, 2272]","[4, 4, 4, 4, 4, 3, 3, 3]","[88, 88, 88, 88, 88, 64, 56, 64]","[6, 6, 6, 6, 6, 6, 6, 6]","[2, 2, 2, 2, 2, 2, 2, 2]","[373, 373, 373, 373, 373, 369, 365, 369]","[29, 29, 29, 29, 29, 29, 29, 29]","[64, 64, 64, 64, 64, 64, 64, 64]",[1. 1. 1. 1. 1. 1. 1. 1.],0
92,"[3713, 3713, 3713, 3713, 3713, 3712, 3712, 3712]","[2262, 2262, 2262, 2262, 2262, 2268, 2272, 2268]","[5, 5, 5, 5, 5, 4, 3, 4]","[112, 112, 112, 112, 112, 88, 64, 88]","[6, 6, 6, 6, 6, 6, 6, 6]","[2, 2, 2, 2, 2, 2, 2, 2]","[377, 377, 377, 377, 377, 373, 369, 373]","[29, 29, 29, 29, 29, 29, 29, 29]","[64, 64, 64, 64, 64, 64, 64, 64]",[1. 1. 1. 1. 1. 1. 1. 1.],0
93,"[3714, 3714, 3714, 3714, 3714, 3713, 3712, 3713]","[2255, 2255, 2255, 2255, 2255, 2262, 2268, 2262]","[6, 6, 6, 6, 6, 5, 4, 5]","[134, 134, 134, 134, 134, 112, 88, 112]","[6, 6, 6, 6, 6, 6, 6, 6]","[2, 2, 2, 2, 2, 2, 2, 2]","[381, 381, 381, 381, 381, 377, 373, 377]","[29, 29, 29, 29, 29, 29, 29, 29]","[64, 64, 64, 64, 64, 64, 64, 64]",[1. 1. 1. 1. 1. 1. 1. 1.],0
94,"[3715, 3715, 3715, 3715, 3715, 3714, 3713, 3714]","[2246, 2246, 2246, 2246, 2246, 2255, 2262, 2255]","[7, 7, 7, 7, 7, 6, 5, 6]","[150, 150, 150, 150, 150, 134, 112, 134]","[6, 6, 6, 6, 6, 6, 6, 6]","[2, 2, 2, 2, 2, 2, 2, 2]","[385, 385, 385, 385, 385, 381, 377, 381]","[29, 29, 29, 29, 29, 29, 29, 29]","[64, 64, 64, 64, 64, 64, 64, 64]",[1. 1. 1. 1. 1. 1. 1. 1.],0
95,"[3717, 3717, 3717, 3717, 3717, 3715, 3714, 3715]","[2236, 2236, 2236, 2236, 2236, 2246, 2255, 2246]","[9, 9, 9, 9, 9, 7, 6, 7]","[166, 166, 166, 166, 166, 150, 134, 150]","[6, 6, 6, 6, 6, 6, 6, 6]","[2, 2, 2, 2, 2, 2, 2, 2]","[389, 389, 389, 389, 389, 385, 381, 385]","[0, 0, 0, 0, 0, 29, 29, 29]","[64, 64, 64, 64, 64, 64, 64, 64]",[1. 1. 1. 1. 1. 1. 1. 1.],0
96,"[3719, 3719, 3719, 3719, 3719, 3717, 3715, 3717]","[2226, 2226, 2226, 2226, 2226, 2236, 2246, 2236]","[12, 12, 12, 12, 12, 9, 7, 9]","[182, 182, 182, 182, 182, 166, 150, 166]","[6, 6, 6, 6, 6, 6, 6, 6]","[2, 2, 2, 2, 2, 2, 2, 2]","[393, 393, 393, 393, 393, 389, 385, 389]","[0, 0, 0, 0, 0, 0, 29, 0]","[64, 64, 64, 64, 64, 64, 64, 64]",[1. 1. 1. 1. 1. 1. 1. 1.],0
97,"[3723, 3723, 3723, 3723, 3723, 3719, 3717, 3719]","[2215, 2215, 2215, 2215, 2215, 2226, 2236, 2226]","[16, 16, 16, 16, 16, 12, 9, 12]","[202, 202, 202, 202, 202, 182, 166, 182]","[6, 6, 6, 6, 6, 6, 6, 6]","[2, 2, 2, 2, 2, 2, 2, 2]","[397, 397, 397, 397, 397, 393, 389, 393]","[0, 0, 0, 0, 0, 0, 0, 0]","[64, 64, 64, 64, 64, 64, 64, 64]",[1. 1. 1. 1. 1. 1. 1. 1.],0
98,"[3728, 3728, 3728, 3728, 3728, 3723, 3719, 3723]","[2203, 2203, 2203, 2203, 2203, 2215, 2226, 2215]","[18, 18, 18, 18, 18, 16, 12, 16]","[234, 234, 234, 234, 234, 202, 182, 202]","[6, 6, 6, 6, 6, 6, 6, 6]","[2, 2, 2, 2, 2, 2, 2, 2]","[401, 401, 401, 401, 401, 397, 393, 397]","[0, 0, 0, 0, 0, 0, 0, 0]","[64, 64, 64, 64, 64, 64, 64, 64]",[1. 1. 1. 1. 1. 1. 1. 1.],0
99,"[3735, 3735, 3735, 3735, 3735, 3728, 3723, 3728]","[2189, 2189, 2189, 2189, 2189, 2203, 2215, 2203]","[20, 20, 20, 20, 20, 18, 16, 18]","[270, 270, 270, 270, 270, 234, 202, 234]","[6, 6, 6, 6, 6, 6, 6, 6]","[2, 2, 2, 2, 2, 2, 2, 2]","[405, 405, 405, 405, 405, 401, 397, 401]","[0, 0, 0, 0, 0, 0, 0, 0]","[64, 64, 64, 64, 64, 64, 64, 64]",[1. 1. 1. 1. 1. 1. 1. 1.],0
100,"[3743, 3743, 3743, 3743, 3743, 3735, 3728, 3735]","[2173, 2173, 2173, 2173, 2173, 2189, 2203, 2189]","[20, 20, 20, 20, 20, 20, 18, 20]","[318, 318, 318, 318, 318, 270, 234, 270]","[6, 6, 6, 6, 6, 6, 6, 6]","[2, 2, 2, 2, 2, 2, 2, 2]","[409, 409, 409, 409, 409, 405, 401, 405]","[0, 0, 0, 0, 0, 0, 0, 0]","[64, 64, 64, 64, 64, 64, 64, 64]",[1. 1. 1. 1. 1. 1. 1. 1.],0
101,"[3752, 3752, 3752, 3752, 3752, 3743, 3735, 3743]","[2155, 2155, 2154, 2155, 2155, 2173, 2189, 2173]","[18, 18, 19, 18, 19, 20, 20, 20]","[312, 312, 330, 312, 312, 318, 270, 318]","[6, 6, 6, 6, 6, 6, 6, 6]","[2, 2, 2, 2, 2, 2, 2, 2]","[413, 413, 413, 413, 413, 409, 405, 409]","[0, 0, 0, 0, 0, 0, 0, 0]","[64, 64, 64, 64, 64, 64, 64, 64]",[1. 1. 1. 1. 1. 1. 1. 1.],0
102,"[3760, 3760, 3761, 3760, 3760, 3752, 3743, 3752]","[2138, 2138, 2136, 2138, 2138, 2154, 2173, 2155]","[16, 16, 16, 16, 16, 18, 20, 18]","[288, 288, 306, 288, 288, 330, 318, 312]","[6, 6, 6, 6, 6, 6, 6, 6]","[2, 2, 2, 2, 2, 2, 2, 2]","[417, 417, 417, 417, 417, 413, 409, 413]","[0, 0, 0, 0, 0, 0, 0, 0]","[64, 64, 64, 64, 64, 64, 64, 64]",[1. 1. 1. 1. 1. 1. 1. 1.],0
103,"[3766, 3766, 3768, 3766, 3766, 3761, 3752, 3760]","[2121, 2121, 2119, 2121, 2122, 2136, 2155, 2138]","[13, 13, 13, 13, 13, 16, 18, 16]","[264, 264, 282, 264, 264, 306, 312, 288]","[6, 6, 6, 6, 6, 6, 6, 6]","[2, 2, 2, 2, 2, 2, 2, 2]","[421, 421, 421, 421, 421, 417, 413, 417]","[0, 0, 0, 0, 0, 0, 0, 0]","[64, 64, 64, 64, 64, 64, 64, 64]",[1. 1. 1. 1. 1. 1. 1. 1.],0
104,"[3771, 3770, 3772, 3771, 3771, 3767, 3760, 3766]","[2105, 2106, 2102, 2105, 2105, 2119, 2138, 2121]","[9, 9, 9, 9, 9, 13, 16, 13]","[294, 272, 312, 294, 294, 282, 288, 264]","[6, 6, 6, 6, 6, 6, 6, 6]","[2, 2, 2, 2, 2, 2, 2, 2]","[425, 425, 425, 425, 425, 421, 417, 421]","[0, 0, 0, 0, 0, 0, 0, 0]","[64, 64, 64, 64, 64, 64, 64, 64]",[1. 1. 1. 1. 1. 1. 1. 1.],0
105,"[3773, 3773, 3776, 3773, 3774, 3772, 3766, 3771]","[2086, 2088, 2081, 2086, 2086, 2102, 2121, 2105]","[3, 3, 4, 3, 4, 9, 13, 9]","[342, 320, 360, 342, 342, 312, 264, 294]","[6, 6, 6, 6, 6, 6, 6, 6]","[2, 2, 2, 2, 2, 2, 2, 2]","[429, 429, 429, 429, 429, 425, 421, 425]","[0, 0, 0, 0, 0, 0, 0, 0]","[64, 64, 64, 64, 64, 64, 64, 64]",[1. 1. 1. 1. 1. 1. 1. 1.],0
106,"[3774, 3773, 3776, 3774, 3775, 3775, 3770, 3773]","[2064, 2067, 2058, 2064, 2064, 2081, 2106, 2086]","[254, 254, 254, 254, 254, 3, 9, 3]","[390, 368, 408, 390, 390, 360, 272, 342]","[6, 6, 6, 6, 6, 6, 6, 6]","[2, 2, 2, 2, 2, 2, 2, 2]","[433, 433, 433, 433, 433, 429, 425, 429]","[0, 0, 0, 0, 0, 0, 0, 0]","[64, 64, 64, 64, 64, 64, 64, 64]",[1. 1. 1. 1. 1. 1. 1. 1.],0
107,"[3771, 3771, 3774, 3771, 3772, 3775, 3773, 3774]","[2038, 2043, 2031, 2038, 2039, 2058, 2088, 2064]","[248, 248, 249, 248, 249, 254, 3, 254]","[438, 416, 456, 438, 438, 408, 320, 390]","[6, 6, 6, 6, 6, 6, 6, 6]","[2, 2, 2, 2, 2, 2, 2, 2]","[437, 437, 437, 437, 437, 433, 429, 433]","[0, 0, 0, 0, 0, 0, 0, 0]","[64, 64, 64, 64, 64, 64, 64, 64]",[1. 1. 1. 1. 1. 1. 1. 1.],0
108,"[3766, 3765, 3770, 3766, 3767, 3773, 3773, 3771]","[2010, 2017, 2003, 2010, 2011, 2031, 2067, 2038]","[243, 243, 243, 243, 243, 248, 254, 248]","[474, 460, 488, 474, 474, 456, 368, 438]","[6, 6, 6, 6, 6, 6, 6, 6]","[2, 2, 2, 2, 2, 2, 2, 2]","[441, 441, 441, 441, 441, 437, 433, 437]","[0, 0, 0, 0, 0, 0, 0, 0]","[64, 64, 64, 64, 64, 64, 64, 64]",[1. 1. 1. 1. 1. 1. 1. 1.],0
109,"[3760, 3757, 3765, 3760, 3762, 3768, 3771, 3766]","[1981, 1988, 1972, 1981, 1981, 2002, 2043, 2010]","[237, 237, 238, 237, 238, 243, 248, 243]","[506, 492, 520, 506, 506, 488, 416, 474]","[6, 6, 6, 6, 6, 6, 6, 6]","[2, 2, 2, 2, 2, 2, 2, 2]","[445, 445, 445, 445, 445, 441, 437, 441]","[0, 0, 0, 0, 0, 0, 0, 0]","[64, 64, 64, 64, 64, 64, 64, 64]",[1. 1. 1. 1. 1. 1. 1. 1.],0
110,"[3754, 3749, 3760, 3754, 3756, 3764, 3765, 3760]","[1949, 1958, 1939, 1949, 1949, 1971, 2017, 1981]","[232, 232, 232, 232, 232, 237, 243, 237]","[538, 524, 552, 538, 538, 520, 460, 506]","[6, 6, 6, 6, 6, 6, 6, 6]","[2, 2, 2, 2, 2, 2, 2, 2]","[449, 449, 449, 449, 449, 445, 441, 445]","[0, 0, 0, 0, 0, 0, 0, 0]","[64, 64, 64, 64, 64, 64, 64, 64]",[1. 1. 1. 1. 1. 1. 1. 1.],0
111,"[3747, 3740, 3754, 3747, 3749, 3758, 3757, 3754]","[1915, 1925, 1904, 1915, 1915, 1939, 1988, 1949]","[226, 226, 227, 226, 227, 232, 237, 232]","[570, 556, 580, 570, 570, 552, 492, 538]","[6, 6, 6, 6, 6, 6, 6, 6]","[2, 2, 2, 2, 2, 2, 2, 2]","[453, 453, 453, 453, 453, 449, 445, 449]","[0, 0, 0, 0, 0, 0, 0, 0]","[64, 64, 64, 64, 64, 64, 64, 64]",[1. 1. 1. 1. 1. 1. 1. 1.],0
112,"[3739, 3730, 3748, 3739, 3742, 3752, 3749, 3747]","[1880, 1891, 1868, 1880, 1880, 1904, 1958, 1915]","[221, 221, 221, 221, 221, 226, 232, 226]","[590, 584, 596, 590, 590, 580, 524, 570]","[6, 6, 6, 6, 6, 6, 6, 6]","[2, 2, 2, 2, 2, 2, 2, 2]","[457, 457, 457, 457, 457, 453, 449, 453]","[0, 0, 0, 0, 0, 0, 0, 0]","[64, 64, 64, 64, 64, 64, 64, 64]",[1. 1. 1. 1. 1. 1. 1. 1.],0
113,"[3730, 3720, 3740, 3730, 3733, 3745, 3740, 3739]","[1844, 1856, 1831, 1844, 1844, 1868, 1925, 1880]","[215, 215, 216, 215, 216, 221, 226, 221]","[606, 600, 612, 606, 606, 596, 556, 590]","[6, 6, 6, 6, 6, 6, 6, 6]","[2, 2, 2, 2, 2, 2, 2, 2]","[461, 461, 461, 461, 461, 457, 453, 457]","[1, 0, 1, 1, 1, 0, 0, 0]","[64, 64, 64, 64, 64, 64, 64, 64]",[1. 1. 1. 1. 1. 1. 1. 1.],0
114,"[3711, 3702, 3723, 3711, 3715, 3737, 3730, 3730]","[1811, 1823, 1797, 1811, 1810, 1831, 1891, 1844]","[211, 211, 212, 211, 212, 215, 221, 215]","[622, 616, 628, 622, 622, 612, 584, 606]","[6, 6, 6, 6, 6, 6, 6, 6]","[2, 2, 2, 2, 2, 2, 2, 2]","[465, 465, 465, 465, 465, 461, 457, 461]","[1, 1, 1, 1, 1, 1, 0, 1]","[64, 64, 64, 64, 64, 64, 64, 64]",[1. 1. 1. 1. 1. 1. 1. 1.],0
115,"[3684, 3675, 3696, 3684, 3687, 3722, 3720, 3714]","[1783, 1795, 1768, 1783, 1782, 1796, 1856, 1809]","[208, 207, 208, 208, 208, 211, 215, 211]","[638, 632, 642, 638, 638, 628, 600, 622]","[6, 6, 6, 6, 6, 6, 6, 6]","[2, 2, 2, 2, 2, 2, 2, 2]","[469, 469, 469, 469, 469, 465, 461, 465]","[1, 1, 1, 1, 1, 1, 0, 1]","[64, 64, 64, 64, 64, 64, 64, 64]",[1. 1. 1. 1. 1. 1. 1. 1.],0
116,"[3650, 3640, 3662, 3650, 3653, 3697, 3702, 3689]","[1762, 1775, 1745, 1762, 1761, 1765, 1823, 1780]","[206, 205, 206, 206, 206, 207, 211, 207]","[648, 644, 650, 648, 648, 642, 616, 638]","[6, 6, 6, 6, 6, 6, 6, 6]","[2, 2, 2, 2, 2, 2, 2, 2]","[473, 473, 473, 473, 473, 469, 465, 469]","[1, 1, 1, 1, 1, 1, 1, 1]","[64, 64, 64, 64, 64, 64, 64, 64]",[1. 1. 1. 1. 1. 1. 1. 1.],0
117,"[3613, 3603, 3624, 3613, 3616, 3665, 3675, 3656]","[1744, 1759, 1731, 1744, 1745, 1742, 1795, 1757]","[205, 204, 206, 205, 205, 205, 207, 205]","[656, 652, 658, 656, 656, 650, 632, 648]","[6, 6, 6, 6, 6, 6, 6, 6]","[2, 2, 2, 2, 2, 2, 2, 2]","[477, 477, 477, 477, 477, 473, 469, 473]","[1, 1, 1, 1, 1, 1, 1, 1]","[64, 64, 64, 64, 64, 64, 64, 64]",[1. 1. 1. 1. 1. 1. 1. 1.],0
118,"[3575, 3565, 3585, 3575, 3578, 3627, 3641, 3619]","[1729, 1745, 1718, 1729, 1730, 1725, 1774, 1739]","[205, 203, 205, 205, 205, 204, 205, 204]","[664, 660, 666, 664, 664, 658, 644, 656]","[6, 6, 6, 6, 6, 6, 6, 6]","[2, 2, 2, 2, 2, 2, 2, 2]","[481, 481, 481, 481, 481, 477, 473, 477]","[1, 1, 1, 1, 1, 1, 1, 1]","[64, 64, 64, 64, 64, 64, 64, 64]",[1. 1. 1. 1. 1. 1. 1. 1.],0
119,"[3536, 3525, 3546, 3536, 3538, 3588, 3604, 3581]","[1714, 1733, 1704, 1714, 1716, 1712, 1757, 1723]","[205, 203, 205, 205, 205, 204, 204, 203]","[672, 668, 674, 672, 672, 666, 652, 664]","[6, 6, 6, 6, 6, 6, 6, 6]","[2, 2, 2, 2, 2, 2, 2, 2]","[485, 485, 485, 485, 485, 481, 477, 481]","[1, 1, 1, 1, 1, 1, 1, 1]","[64, 64, 64, 64, 64, 64, 64, 64]",[1. 1. 1. 1. 1. 1. 1. 1.],0
120,"[3495, 3484, 3505, 3495, 3498, 3548, 3566, 3542]","[1701, 1722, 1691, 1701, 1703, 1700, 1743, 1708]","[205, 203, 205, 205, 205, 204, 203, 203]","[680, 676, 682, 680, 680, 674, 660, 672]","[6, 6, 6, 6, 6, 6, 6, 6]","[2, 2, 2, 2, 2, 2, 2, 2]","[489, 489, 489, 489, 489, 485, 481, 485]","[1, 1, 1, 1, 1, 1, 1, 1]","[64, 64, 64, 64, 64, 64, 64, 64]",[1. 1. 1. 1. 1. 1. 1. 1.],0
121,"[3455, 3443, 3465, 3455, 3458, 3507, 3527, 3502]","[1688, 1711, 1677, 1688, 1690, 1689, 1729, 1695]","[205, 203, 205, 205, 205, 204, 203, 203]","[688, 666, 690, 688, 688, 682, 668, 680]","[6, 6, 6, 6, 6, 6, 6, 6]","[2, 2, 2, 2, 2, 2, 2, 2]","[493, 493, 493, 493, 493, 489, 485, 489]","[1, 1, 1, 1, 1, 1, 1, 1]","[64, 84, 64, 64, 64, 64, 64, 64]",[1. 1. 1. 1. 1. 1. 1. 1.],0
122,"[3414, 3405, 3424, 3414, 3417, 3466, 3486, 3461]","[1675, 1700, 1664, 1675, 1676, 1677, 1717, 1683]","[205, 203, 205, 205, 205, 204, 203, 203]","[696, 602, 698, 696, 696, 690, 676, 688]","[6, 6, 6, 6, 6, 6, 6, 6]","[2, 2, 2, 2, 2, 2, 2, 2]","[497, 497, 497, 497, 497, 493, 489, 493]","[1, 1, 1, 1, 1, 1, 1, 1]","[64, 84, 64, 64, 64, 64, 64, 64]",[ 1. -1.  1.  1.  1.  1.  1.  1.],0
123,"[3372, 3369, 3382, 3372, 3375, 3424, 3445, 3419]","[1662, 1690, 1650, 1662, 1662, 1665, 1706, 1672]","[205, 203, 205, 205, 205, 204, 203, 203]","[704, 578, 705, 704, 704, 698, 684, 696]","[6, 6, 6, 6, 6, 6, 6, 6]","[2, 2, 2, 2, 2, 2, 2, 2]","[501, 501, 501, 501, 501, 497, 493, 497]","[2, 2, 2, 2, 2, 1, 1, 1]","[64, 84, 64, 64, 64, 64, 84, 64]",[1. 1. 1. 1. 1. 1. 1. 1.],0
124,"[3330, 3334, 3340, 3330, 3333, 3382, 3406, 3377]","[1649, 1680, 1636, 1649, 1648, 1653, 1695, 1660]","[205, 203, 205, 205, 205, 204, 203, 203]","[676, 594, 694, 676, 676, 705, 640, 704]","[6, 6, 6, 6, 6, 6, 6, 6]","[2, 2, 2, 2, 2, 2, 2, 2]","[505, 505, 505, 505, 505, 501, 497, 501]","[2, 2, 2, 2, 2, 2, 1, 2]","[84, 84, 84, 84, 84, 64, 64, 64]",[-1. -1.  1. -1. -1.  1.  1.  1.],0
125,"[3291, 3299, 3299, 3291, 3295, 3340, 3367, 3335]","[1636, 1671, 1622, 1636, 1635, 1640, 1685, 1649]","[205, 203, 205, 205, 205, 204, 203, 203]","[614, 590, 685, 614, 614, 694, 612, 676]","[6, 6, 6, 6, 6, 6, 6, 6]","[2, 2, 2, 2, 2, 2, 2, 2]","[509, 509, 509, 509, 509, 505, 501, 505]","[2, 2, 2, 2, 2, 2, 2, 2]","[84, 84, 64, 84, 84, 84, 84, 84]",[-1. -1.  1. -1. -1.  1.  1. -1.],0
126,"[3256, 3263, 3259, 3256, 3259, 3299, 3331, 3295]","[1625, 1661, 1609, 1625, 1624, 1629, 1675, 1638]","[205, 203, 205, 205, 205, 204, 203, 203]","[591, 586, 639, 591, 591, 667, 588, 614]","[6, 6, 6, 6, 6, 6, 6, 6]","[2, 2, 2, 2, 2, 2, 2, 2]","[513, 513, 513, 513, 513, 509, 505, 509]","[3, 3, 3, 3, 3, 2, 2, 2]","[84, 84, 84, 84, 84, 64, 84, 84]",[-1. -1. -1. -1. -1.  1. -1. -1.],0
127,"[3221, 3228, 3223, 3221, 3224, 3260, 3296, 3260]","[1614, 1651, 1596, 1614, 1612, 1617, 1665, 1628]","[205, 203, 205, 205, 205, 204, 203, 203]","[587, 582, 615, 587, 587, 621, 584, 591]","[6, 6, 6, 6, 6, 6, 6, 6]","[2, 2, 2, 2, 2, 2, 2, 2]","[517, 517, 517, 517, 517, 513, 509, 513]","[3, 3, 3, 3, 3, 3, 2, 3]","[84, 84, 84, 84, 84, 84, 84, 84]",[-1. -1.  1. -1. -1. -1. -1. -1.],0
128,"[3186, 3192, 3187, 3186, 3190, 3224, 3260, 3224]","[1603, 1641, 1585, 1603, 1601, 1607, 1655, 1618]","[205, 203, 205, 205, 205, 204, 203, 203]","[583, 578, 591, 583, 583, 577, 580, 587]","[6, 6, 6, 6, 6, 6, 6, 6]","[2, 2, 2, 2, 2, 2, 2, 2]","[521, 521, 521, 521, 521, 517, 513, 517]","[3, 3, 3, 3, 3, 3, 3, 3]","[84, 84, 84, 84, 84, 84, 84, 84]",[-1. -1. -1. -1. -1. -1. -1. -1.],0
129,"[3151, 3157, 3152, 3151, 3155, 3189, 3225, 3189]","[1592, 1631, 1573, 1592, 1589, 1597, 1646, 1609]","[205, 203, 205, 205, 205, 204, 203, 203]","[579, 594, 587, 579, 579, 593, 596, 583]","[6, 6, 6, 6, 6, 6, 6, 6]","[2, 2, 2, 2, 2, 2, 2, 2]","[525, 525, 525, 525, 525, 521, 517, 521]","[3, 3, 3, 3, 3, 3, 3, 3]","[84, 84, 84, 84, 84, 84, 84, 84]",[-1. -1. -1. -1. -1. -1. -1. -1.],0
130,"[3116, 3122, 3118, 3116, 3120, 3153, 3189, 3153]","[1580, 1622, 1561, 1580, 1577, 1587, 1636, 1599]","[205, 203, 205, 205, 205, 204, 203, 203]","[595, 590, 583, 595, 595, 589, 592, 579]","[6, 6, 6, 6, 6, 6, 6, 6]","[2, 2, 2, 2, 2, 2, 2, 2]","[529, 529, 529, 529, 529, 525, 521, 525]","[3, 3, 3, 3, 3, 3, 3, 3]","[84, 84, 84, 84, 84, 84, 84, 84]",[-1. -1. -1. -1. -1. -1. -1. -1.],0
131,"[3081, 3087, 3083, 3081, 3085, 3118, 3154, 3118]","[1569, 1612, 1550, 1569, 1566, 1577, 1626, 1589]","[205, 203, 205, 205, 205, 204, 203, 203]","[591, 586, 579, 591, 591, 585, 588, 595]","[6, 6, 6, 6, 6, 6, 6, 6]","[2, 2, 2, 2, 2, 2, 2, 2]","[533, 533, 533, 533, 533, 529, 525, 529]","[3, 3, 3, 3, 3, 3, 3, 3]","[84, 84, 84, 84, 84, 84, 84, 84]",[-1. -1. -1. -1. -1. -1. -1. -1.],0
132,"[3046, 3051, 3048, 3046, 3050, 3083, 3118, 3083]","[1558, 1602, 1538, 1558, 1554, 1566, 1617, 1579]","[205, 203, 205, 205, 205, 204, 203, 203]","[587, 582, 595, 587, 587, 581, 584, 591]","[6, 6, 6, 6, 6, 6, 6, 6]","[2, 2, 2, 2, 2, 2, 2, 2]","[537, 537, 537, 537, 537, 533, 529, 533]","[3, 3, 3, 3, 3, 3, 3, 3]","[84, 84, 84, 84, 84, 84, 84, 84]",[-1. -1. -1. -1. -1. -1. -1. -1.],0
133,"[3011, 3016, 3013, 3011, 3015, 3048, 3083, 3047]","[1547, 1592, 1527, 1547, 1543, 1556, 1607, 1570]","[205, 203, 205, 205, 205, 204, 203, 203]","[583, 578, 591, 583, 583, 577, 580, 587]","[6, 6, 6, 6, 6, 6, 6, 6]","[2, 2, 2, 2, 2, 2, 2, 2]","[541, 541, 541, 541, 541, 537, 533, 537]","[3, 3, 3, 3, 3, 3, 3, 3]","[84, 84, 84, 84, 84, 84, 84, 84]",[-1. -1. -1. -1. -1. -1. -1. -1.],0
134,"[2976, 2981, 2978, 2976, 2980, 3013, 3047, 3012]","[1536, 1582, 1515, 1536, 1531, 1546, 1597, 1560]","[205, 203, 205, 205, 205, 204, 203, 203]","[579, 594, 587, 579, 579, 593, 596, 583]","[6, 6, 6, 6, 6, 6, 6, 6]","[2, 2, 2, 2, 2, 2, 2, 2]","[545, 545, 545, 545, 545, 541, 537, 541]","[3, 3, 3, 3, 3, 3, 3, 3]","[84, 84, 84, 84, 84, 84, 84, 84]",[-1. -1. -1. -1. -1. -1. -1. -1.],0
135,"[2941, 2945, 2943, 2941, 2946, 2978, 3012, 2976]","[1525, 1572, 1503, 1525, 1520, 1536, 1588, 1550]","[205, 203, 205, 205, 205, 204, 203, 203]","[595, 590, 583, 595, 595, 589, 592, 579]","[6, 6, 6, 6, 6, 6, 6, 6]","[2, 2, 2, 2, 2, 2, 2, 2]","[549, 549, 549, 549, 549, 545, 541, 545]","[3, 3, 3, 3, 3, 3, 3, 3]","[84, 84, 84, 84, 84, 84, 84, 84]",[-1. -1. -1. -1. -1. -1. -1. -1.],0
136,"[2906, 2910, 2909, 2906, 2911, 2942, 2977, 2941]","[1514, 1563, 1492, 1514, 1508, 1526, 1578, 1541]","[205, 203, 205, 205, 205, 204, 203, 203]","[591, 586, 579, 591, 591, 585, 588, 595]","[6, 6, 6, 6, 6, 6, 6, 6]","[2, 2, 2, 2, 2, 2, 2, 2]","[553, 553, 553, 553, 553, 549, 545, 549]","[3, 3, 3, 3, 3, 3, 3, 3]","[84, 84, 84, 84, 84, 84, 84, 84]",[-1. -1. -1. -1. -1. -1. -1. -1.],0
137,"[2879, 2875, 2874, 2879, 2876, 2907, 2941, 2906]","[1505, 1553, 1480, 1505, 1496, 1516, 1568, 1531]","[205, 203, 205, 205, 205, 204, 203, 203]","[583, 582, 595, 583, 587, 581, 584, 591]","[6, 6, 6, 6, 6, 6, 6, 6]","[2, 2, 2, 2, 2, 2, 2, 2]","[556, 557, 557, 556, 557, 553, 549, 553]","[4, 4, 4, 4, 4, 3, 3, 3]","[84, 84, 84, 84, 84, 84, 84, 84]",[ 1. -1. -1.  1. -1. -1. -1. -1.],0
138,"[3712, 3712, 3712, 3712, 3712, 2872, 2906, 2879]","[2288, 2288, 2288, 2288, 2288, 1506, 1558, 1524]","[0, 0, 0, 0, 0, 204, 203, 203]","[0, 0, 0, 0, 0, 577, 580, 583]","[4, 4, 4, 4, 4, 6, 6, 6]","[2, 2, 2, 2, 2, 2, 2, 2]","[285, 285, 285, 285, 285, 557, 553, 556]","[29, 29, 29, 29, 29, 4, 3, 4]","[64, 64, 64, 64, 64, 84, 84, 84]",[-1. -1. -1. -1. -1. -1. -1.  1.],0
139,"[3712, 3712, 3712, 3712, 3712, 3712, 2879, 3712]","[2288, 2288, 2288, 2288, 2288, 2288, 1551, 2288]","[0, 0, 0, 0, 0, 0, 203, 0]","[0, 0, 0, 0, 0, 0, 592, 0]","[4, 4, 4, 4, 4, 4, 6, 4]","[2, 2, 2, 2, 2, 2, 2, 2]","[289, 289, 289, 289, 289, 285, 556, 285]","[29, 29, 29, 29, 29, 29, 4, 29]","[64, 64, 64, 64, 64, 64, 84, 64]",[-1. -1. -1. -1. -1. -1.  1. -1.],0
140,"[3712, 3712, 3712, 3712, 3712, 3712, 3712, 3712]","[2288, 2288, 2288, 2288, 2288, 2288, 2288, 2288]","[0, 0, 0, 0, 0, 0, 0, 0]","[0, 0, 0, 0, 0, 0, 0, 0]","[4, 4, 4, 4, 4, 4, 4, 4]","[2, 2, 2, 2, 2, 2, 2, 2]","[293, 293, 293, 293, 293, 289, 285, 289]","[29, 29, 29, 29, 29, 29, 29, 29]","[64, 64, 64, 64, 64, 64, 64, 64]",[-1. -1. -1. -1. -1. -1. -1. -1.],0
141,"[3712, 3712, 3712, 3712, 3712, 3712, 3712, 3712]","[2288, 2288, 2288, 2288, 2288, 2288, 2288, 2288]","[0, 0, 0, 0, 0, 0, 0, 0]","[0, 0, 0, 0, 0, 0, 0, 0]","[4, 4, 4, 4, 4, 4, 4, 4]","[2, 2, 2, 2, 2, 2, 2, 2]","[297, 297, 297, 297, 297, 293, 289, 293]","[29, 29, 29, 29, 29, 29, 29, 29]","[64, 64, 64, 64, 64, 64, 64, 64]",[-1. -1. -1. -1. -1. -1. -1. -1.],0
142,"[3712, 3712, 3712, 3712, 3712, 3712, 3712, 3712]","[2288, 2288, 2288, 2288, 2288, 2288, 2288, 2288]","[0, 0, 0, 0, 0, 0, 0, 0]","[0, 0, 0, 0, 0, 0, 0, 0]","[4, 4, 4, 4, 4, 4, 4, 4]","[2, 2, 2, 2, 2, 2, 2, 2]","[301, 301, 301, 301, 301, 297, 293, 297]","[29, 29, 29, 29, 29, 29, 29, 29]","[64, 64, 64, 64, 64, 64, 64, 64]",[-1. -1. -1. -1. -1. -1. -1. -1.],0
143,"[3712, 3712, 3712, 3712, 3712, 3712, 3712, 3712]","[2288, 2288, 2288, 2288, 2288, 2288, 2288, 2288]","[0, 0, 0, 0, 0, 0, 0, 0]","[0, 0, 0, 0, 0, 0, 0, 0]","[4, 4, 4, 4, 4, 4, 4, 4]","[2, 2, 2, 2, 2, 2, 2, 2]","[305, 305, 305, 305, 305, 301, 297, 301]","[29, 29, 29, 29, 29, 29, 29, 29]","[64, 64, 64, 64, 64, 64, 64, 64]",[-1. -1. -1. -1. -1. -1. -1. -1.],0
144,"[3712, 3712, 3712, 3712, 3712, 3712, 3712, 3712]","[2288, 2288, 2288, 2288, 2288, 2288, 2288, 2288]","[0, 0, 0, 0, 0, 0, 0, 0]","[0, 0, 0, 0, 0, 0, 0, 0]","[4, 4, 4, 4, 4, 4, 4, 4]","[2, 2, 2, 2, 2, 2, 2, 2]","[309, 309, 309, 309, 309, 305, 301, 305]","[29, 29, 29, 29, 29, 29, 29, 29]","[64, 64, 64, 64, 64, 64, 64, 64]",[-1. -1. -1. -1. -1. -1. -1. -1.],0
145,"[3712, 3712, 3712, 3712, 3712, 3712, 3712, 3712]","[2288, 2288, 2288, 2288, 2288, 2288, 2288, 2288]","[0, 0, 0, 0, 0, 0, 0, 0]","[0, 0, 0, 0, 0, 0, 0, 0]","[4, 4, 4, 4, 4, 4, 4, 4]","[2, 2, 2, 2, 2, 2, 2, 2]","[313, 313, 313, 313, 313, 309, 305, 309]","[29, 29, 29, 29, 29, 29, 29, 29]","[64, 64, 64, 64, 64, 64, 64, 64]",[-1. -1. -1. -1. -1. -1. -1. -1.],0
146,"[3712, 3712, 3712, 3712, 3712, 3712, 3712, 3712]","[2288, 2288, 2288, 2288, 2288, 2288, 2288, 2288]","[0, 0, 0, 0, 0, 0, 0, 0]","[0, 0, 0, 0, 0, 0, 0, 0]","[4, 4, 4, 4, 4, 4, 4, 4]","[2, 2, 2, 2, 2, 2, 2, 2]","[317, 317, 317, 317, 317, 313, 309, 313]","[29, 29, 29, 29, 29, 29, 29, 29]","[64, 64, 64, 64, 64, 64, 64, 64]",[-1. -1. -1. -1. -1. -1. -1. -1.],0
