step,kart1_X,kart1_Y,kart1_direction,kart1_speed,DrivingMode,GameMode,getFrame,current_checkpoint,surface,lap,reward,total_reward
0,3712,2288,0,0,4,2,282,29,64,127,0.0,0.0
1,3712,2288,0,0,4,2,283,29,64,127,0.0,0.0
2,3712,2288,0,0,4,2,284,29,64,127,0.0,0.0
3,3712,2288,0,0,4,2,285,29,64,127,0.0,0.0
4,3712,2288,0,0,4,2,286,29,64,127,0.0,0.0
5,3712,2288,0,0,4,2,287,29,64,127,0.0,0.0
6,3712,2288,0,0,4,2,288,29,64,127,0.0,0.0
7,3712,2288,0,0,4,2,289,29,64,127,0.0,0.0
8,3712,2288,0,0,4,2,290,29,64,127,0.0,0.0
9,3712,2288,0,0,4,2,291,29,64,127,0.0,0.0
10,3712,2288,0,0,4,2,292,29,64,127,0.0,0.0
11,3712,2288,0,0,4,2,293,29,64,127,0.0,0.0
12,3712,2288,0,0,4,2,294,29,64,127,0.0,0.0
13,3712,2288,0,0,4,2,295,29,64,127,0.0,0.0
14,3712,2288,0,0,4,2,296,29,64,127,0.0,0.0
15,3712,2288,0,0,4,2,297,29,64,127,0.0,0.0
16,3712,2288,0,0,4,2,298,29,64,127,0.0,0.0
17,3712,2288,0,0,4,2,299,29,64,127,0.0,0.0
18,3712,2288,0,0,4,2,300,29,64,127,0.0,0.0
19,3712,2288,0,0,4,2,301,29,64,127,0.0,0.0
20,3712,2288,0,0,4,2,302,29,64,127,0.0,0.0
21,3712,2288,0,0,4,2,303,29,64,127,0.0,0.0
22,3712,2288,0,0,4,2,304,29,64,127,0.0,0.0
23,3712,2288,0,0,4,2,305,29,64,127,0.0,0.0
24,3712,2288,0,0,4,2,306,29,64,127,0.0,0.0
25,3712,2288,0,0,4,2,307,29,64,127,0.0,0.0
26,3712,2288,0,0,4,2,308,29,64,127,0.0,0.0
27,3712,2288,0,0,4,2,309,29,64,127,0.0,0.0
28,3712,2288,0,0,4,2,310,29,64,127,0.0,0.0
29,3712,2288,0,0,4,2,311,29,64,127,0.0,0.0
30,3712,2288,0,0,4,2,312,29,64,127,0.0,0.0
31,3712,2288,0,0,4,2,313,29,64,127,0.0,0.0
32,3712,2288,0,0,4,2,314,29,64,127,0.0,0.0
33,3712,2288,0,0,4,2,315,29,64,127,0.0,0.0
34,3712,2288,0,0,4,2,316,29,64,127,0.0,0.0
35,3712,2288,0,0,4,2,317,29,64,127,0.0,0.0
36,3712,2288,0,0,4,2,318,29,64,127,0.0,0.0
37,3712,2288,0,0,4,2,319,29,64,127,0.0,0.0
38,3712,2288,0,0,4,2,320,29,64,127,0.0,0.0
39,3712,2288,0,0,4,2,321,29,64,127,0.0,0.0
40,3712,2288,0,0,4,2,322,29,64,127,0.0,0.0
41,3712,2288,0,0,4,2,323,29,64,127,0.0,0.0
42,3712,2288,0,0,4,2,324,29,64,127,0.0,0.0
43,3712,2288,0,0,4,2,325,29,64,127,0.0,0.0
44,3712,2288,0,0,4,2,326,29,64,127,0.0,0.0
45,3712,2288,0,0,4,2,327,29,64,127,0.0,0.0
46,3712,2288,0,0,4,2,328,29,64,127,0.0,0.0
47,3712,2288,0,0,4,2,329,29,64,127,0.0,0.0
48,3712,2288,0,0,4,2,330,29,64,127,0.0,0.0
49,3712,2288,0,0,4,2,331,29,64,127,0.0,0.0
50,3712,2288,0,0,4,2,332,29,64,127,0.0,0.0
51,3712,2288,0,0,4,2,333,29,64,127,0.0,0.0
52,3712,2288,0,0,4,2,334,29,64,127,0.0,0.0
53,3712,2288,0,0,4,2,335,29,64,127,0.0,0.0
54,3712,2288,0,0,6,2,336,29,64,127,0.0,0.0
55,3712,2288,0,0,6,2,337,29,64,127,0.0,0.0
56,3712,2288,0,2,6,2,338,29,64,127,0.0,0.0
57,3712,2287,0,4,6,2,339,29,64,127,0.0,0.0
58,3712,2287,0,6,6,2,340,29,64,127,0.0,0.0
59,3712,2287,0,8,6,2,341,29,64,127,0.0,0.0
60,3712,2287,0,10,6,2,342,29,64,127,0.0,0.0
61,3712,2287,0,12,6,2,343,29,64,127,0.0,0.0
62,3712,2287,0,14,6,2,344,29,64,127,0.0,0.0
63,3712,2287,0,16,6,2,345,29,64,127,0.0,0.0
64,3712,2287,0,18,6,2,346,29,64,127,0.0,0.0
65,3711,2286,0,20,6,2,347,29,64,127,0.0,0.0
66,3711,2286,0,22,6,2,348,29,64,127,0.0,0.0
67,3711,2286,0,24,6,2,349,29,64,127,0.0,0.0
68,3711,2285,0,26,6,2,350,29,64,127,0.0,0.0
69,3711,2285,0,28,6,2,351,29,64,127,-1.0,-1.0
70,3711,2284,0,30,6,2,352,29,64,127,-1.0,-2.0
71,3711,2284,0,32,6,2,353,29,64,127,-1.0,-3.0
72,3711,2284,0,34,6,2,354,29,64,127,-1.0,-4.0
73,3711,2283,0,36,6,2,355,29,64,127,-1.0,-5.0
74,3711,2282,0,38,6,2,356,29,64,127,-1.0,-6.0
75,3711,2282,0,40,6,2,357,29,64,127,-1.0,-7.0
76,3711,2281,0,42,6,2,358,29,64,127,-1.0,-8.0
77,3711,2281,0,44,6,2,359,29,64,127,-1.0,-9.0
78,3711,2280,0,46,6,2,360,29,64,127,-1.0,-10.0
79,3711,2279,0,48,6,2,361,29,64,127,-1.0,-11.0
80,3711,2279,0,50,6,2,362,29,64,127,-1.0,-12.0
81,3711,2278,0,52,6,2,363,29,64,127,-1.0,-13.0
82,3711,2277,0,54,6,2,364,29,64,127,-1.0,-14.0
83,3711,2276,0,56,6,2,365,29,64,127,-1.0,-15.0
84,3711,2275,0,58,6,2,366,29,64,127,-1.0,-16.0
85,3711,2274,0,60,6,2,367,29,64,127,-1.0,-17.0
86,3711,2273,0,62,6,2,368,29,64,127,-1.0,-18.0
87,3711,2272,0,64,6,2,369,29,64,127,-1.0,-19.0
88,3711,2272,255,70,6,2,370,29,64,127,-1.0,-20.0
89,3711,2270,255,76,6,2,371,29,64,127,-1.0,-21.0
90,3711,2269,0,82,6,2,372,29,64,127,-1.0,-22.0
91,3711,2268,255,88,6,2,373,29,64,127,-1.0,-23.0
92,3711,2267,255,94,6,2,374,29,64,127,-1.0,-24.0
93,3711,2265,255,100,6,2,375,29,64,127,-1.0,-25.0
94,3711,2264,255,106,6,2,376,29,64,127,-1.0,-26.0
95,3711,2262,255,112,6,2,377,29,64,127,-1.0,-27.0
96,3711,2260,255,118,6,2,378,29,64,127,-1.0,-28.0
97,3711,2258,255,124,6,2,379,29,64,127,-1.0,-29.0
98,3711,2257,255,130,6,2,380,29,64,127,-1.0,-30.0
99,3711,2254,255,134,6,2,381,29,64,127,-1.0,-31.0
100,3711,2252,255,138,6,2,382,29,64,127,-1.0,-32.0
101,3711,2250,255,142,6,2,383,29,64,127,-1.0,-33.0
102,3711,2248,255,146,6,2,384,29,64,127,-1.0,-34.0
103,3710,2246,255,150,6,2,385,29,64,127,-1.0,-35.0
104,3710,2243,255,154,6,2,386,29,64,127,-1.0,-36.0
105,3710,2241,255,158,6,2,387,29,64,127,-1.0,-37.0
106,3710,2239,255,162,6,2,388,0,64,128,1.0,-36.0
107,3710,2236,255,166,6,2,389,0,64,128,-1.0,-37.0
108,3710,2234,255,170,6,2,390,0,64,128,-1.0,-38.0
109,3710,2231,255,174,6,2,391,0,64,128,-1.0,-39.0
110,3710,2228,255,178,6,2,392,0,64,128,-1.0,-40.0
111,3710,2225,255,182,6,2,393,0,64,128,-1.0,-41.0
112,3710,2223,255,186,6,2,394,0,64,128,-1.0,-42.0
113,3710,2220,255,190,6,2,395,0,64,128,-1.0,-43.0
114,3710,2217,255,194,6,2,396,0,64,128,-1.0,-44.0
115,3709,2214,255,202,6,2,397,0,64,128,-1.0,-45.0
116,3709,2211,255,210,6,2,398,0,64,128,-1.0,-46.0
117,3709,2207,255,218,6,2,399,0,64,128,-1.0,-47.0
118,3709,2204,255,226,6,2,400,0,64,128,-1.0,-48.0
119,3709,2200,255,234,6,2,401,0,64,128,-1.0,-49.0
120,3709,2197,255,242,6,2,402,0,64,128,-1.0,-50.0
121,3709,2193,255,250,6,2,403,0,64,128,-1.0,-51.0
122,3709,2189,255,258,6,2,404,0,64,128,-1.0,-52.0
123,3709,2185,255,270,6,2,405,0,64,128,-1.0,-53.0
124,3708,2181,255,282,6,2,406,0,64,128,-1.0,-54.0
125,3708,2177,255,294,6,2,407,0,64,128,-1.0,-55.0
126,3708,2172,255,306,6,2,408,0,64,128,-1.0,-56.0
127,3708,2167,255,318,6,2,409,0,64,128,-1.0,-57.0
128,3708,2162,255,330,6,2,410,0,64,128,-1.0,-58.0
129,3708,2157,255,342,6,2,411,0,64,128,-1.0,-59.0
130,3708,2152,255,354,6,2,412,0,64,128,-1.0,-60.0
131,3707,2146,255,366,6,2,413,0,64,128,-1.0,-61.0
132,3707,2141,255,378,6,2,414,0,64,128,-1.0,-62.0
133,3707,2135,255,390,6,2,415,0,64,128,-1.0,-63.0
134,3707,2129,255,402,6,2,416,0,64,128,-1.0,-64.0
135,3707,2122,255,414,6,2,417,0,64,128,-1.0,-65.0
136,3706,2116,255,426,6,2,418,0,64,128,-1.0,-66.0
137,3706,2109,255,438,6,2,419,0,64,128,-1.0,-67.0
138,3706,2102,255,450,6,2,420,0,64,128,-1.0,-68.0
139,3706,2095,255,458,6,2,421,0,64,128,-1.0,-69.0
140,3706,2088,255,466,6,2,422,0,64,128,-1.0,-70.0
141,3705,2081,255,474,6,2,423,0,64,128,-1.0,-71.0
142,3705,2074,255,482,6,2,424,0,64,128,-1.0,-72.0
143,3705,2066,255,490,6,2,425,0,64,128,-1.0,-73.0
144,3705,2058,255,498,6,2,426,0,64,128,-1.0,-74.0
145,3704,2051,255,506,6,2,427,0,64,128,-1.0,-75.0
146,3704,2043,255,514,6,2,428,0,64,128,-1.0,-76.0
147,3704,2035,254,522,6,2,429,0,64,128,-1.0,-77.0
148,3703,2027,254,530,6,2,430,0,64,128,-1.0,-78.0
149,3703,2018,254,538,6,2,431,0,64,128,-1.0,-79.0
150,3702,2010,253,546,6,2,432,0,64,128,-1.0,-80.0
151,3702,2001,253,554,6,2,433,0,64,128,-1.0,-81.0
152,3701,1993,252,562,6,2,434,0,64,128,-1.0,-82.0
153,3700,1984,252,570,6,2,435,0,64,128,-1.0,-83.0
154,3699,1975,251,578,6,2,436,0,64,128,-1.0,-84.0
155,3698,1966,251,582,6,2,437,0,64,128,-1.0,-85.0
156,3697,1957,250,586,6,2,438,0,64,128,-1.0,-86.0
157,3696,1948,249,590,6,2,439,0,64,128,-1.0,-87.0
158,3694,1939,249,594,6,2,440,0,64,128,-1.0,-88.0
159,3692,1930,248,598,6,2,441,0,64,128,-1.0,-89.0
160,3690,1921,247,602,6,2,442,0,64,128,-1.0,-90.0
161,3688,1912,246,606,6,2,443,0,64,128,-1.0,-91.0
162,3686,1903,245,610,6,2,444,0,64,128,-1.0,-92.0
163,3683,1893,244,614,6,2,445,0,64,128,-1.0,-93.0
164,3680,1884,243,618,6,2,446,0,64,128,-1.0,-94.0
165,3677,1875,242,622,6,2,447,0,64,128,-1.0,-95.0
166,3674,1866,240,626,6,2,448,0,64,128,-1.0,-96.0
167,3670,1857,239,630,6,2,449,0,64,128,-1.0,-97.0
168,3666,1848,238,634,6,2,450,1,64,128,1.0,-96.0
169,3662,1839,237,638,6,2,451,1,64,128,-1.0,-97.0
170,3657,1830,236,642,6,2,452,1,64,128,-1.0,-98.0
171,3652,1821,234,644,6,2,453,1,64,128,-1.0,-99.0
172,3647,1813,233,646,6,2,454,1,64,128,-1.0,-100.0
173,3642,1804,232,648,6,2,455,1,64,128,-1.0,-101.0
174,3636,1796,231,650,6,2,456,1,64,128,-1.0,-102.0
175,3630,1788,230,652,6,2,457,1,64,128,-1.0,-103.0
176,3624,1780,228,654,6,2,458,1,64,128,-1.0,-104.0
177,3617,1772,227,656,6,2,459,1,64,128,-1.0,-105.0
178,3611,1764,226,658,6,2,460,1,64,128,-1.0,-106.0
179,3604,1756,225,660,6,2,461,1,64,128,-1.0,-107.0
180,3597,1749,224,662,6,2,462,1,64,128,-1.0,-108.0
181,3589,1742,223,664,6,2,463,1,64,128,-1.0,-109.0
182,3582,1735,222,666,6,2,464,1,64,128,-1.0,-110.0
183,3574,1728,221,668,6,2,465,1,64,128,-1.0,-111.0
184,3566,1721,220,670,6,2,466,1,64,128,-1.0,-112.0
185,3558,1714,220,672,6,2,467,1,64,128,-1.0,-113.0
186,3550,1708,219,674,6,2,468,1,64,128,-1.0,-114.0
187,3542,1701,218,676,6,2,469,1,64,128,-1.0,-115.0
188,3533,1695,218,678,6,2,470,1,64,128,-1.0,-116.0
189,3524,1689,217,680,6,2,471,1,64,128,-1.0,-117.0
190,3516,1682,217,682,6,2,472,1,64,128,-1.0,-118.0
191,3507,1676,216,684,6,2,473,1,64,128,-1.0,-119.0
192,3498,1670,216,686,6,2,474,1,64,128,-1.0,-120.0
193,3489,1665,216,688,6,2,475,1,64,128,-1.0,-121.0
194,3480,1659,216,690,6,2,476,1,64,128,-1.0,-122.0
195,3471,1653,215,692,6,2,477,1,64,128,-1.0,-123.0
196,3462,1647,215,694,6,2,478,1,64,128,-1.0,-124.0
197,3453,1641,215,696,6,2,479,2,64,128,1.0,-123.0
198,3444,1635,215,698,6,2,480,2,64,128,-1.0,-124.0
199,3434,1630,215,700,6,2,481,2,64,128,-1.0,-125.0
200,3425,1624,215,702,6,2,482,2,64,128,-1.0,-126.0
201,3416,1618,215,704,6,2,483,2,64,128,-1.0,-127.0
202,3406,1612,215,705,6,2,484,2,64,128,-1.0,-128.0
203,3397,1606,215,707,6,2,485,2,64,128,-1.0,-129.0
204,3388,1601,215,708,6,2,486,2,64,128,-1.0,-130.0
205,3378,1595,215,710,6,2,487,2,64,128,-1.0,-131.0
206,3369,1589,215,711,6,2,488,2,64,128,-1.0,-132.0
207,3360,1583,215,713,6,2,489,2,64,128,-1.0,-133.0
208,3350,1577,215,714,6,2,490,2,64,128,-1.0,-134.0
209,3341,1571,215,716,6,2,491,2,64,128,-1.0,-135.0
210,3331,1565,215,717,6,2,492,2,64,128,-1.0,-136.0
211,3322,1559,215,719,6,2,493,2,64,128,-1.0,-137.0
212,3312,1553,215,720,6,2,494,2,64,128,-1.0,-138.0
213,3303,1547,215,722,6,2,495,2,64,128,-1.0,-139.0
214,3293,1541,215,723,6,2,496,2,64,128,-1.0,-140.0
215,3283,1535,215,725,6,2,497,2,64,128,-1.0,-141.0
216,3274,1529,215,726,6,2,498,2,64,128,-1.0,-142.0
217,3264,1523,215,728,6,2,499,2,64,128,-1.0,-143.0
218,3254,1517,215,729,6,2,500,3,64,128,1.0,-142.0
219,3245,1511,215,731,6,2,501,3,64,128,-1.0,-143.0
220,3235,1505,215,732,6,2,502,3,64,128,-1.0,-144.0
221,3225,1499,215,734,6,2,503,3,64,128,-1.0,-145.0
222,3216,1493,215,735,6,2,504,3,64,128,-1.0,-146.0
223,3206,1487,215,737,6,2,505,3,64,128,-1.0,-147.0
224,3196,1481,215,738,6,2,506,3,64,128,-1.0,-148.0
225,3186,1475,215,740,6,2,507,3,64,128,-1.0,-149.0
226,3176,1469,215,741,6,2,508,3,64,128,-1.0,-150.0
227,3167,1463,215,743,6,2,509,3,64,128,-1.0,-151.0
228,3157,1457,215,744,6,2,510,3,64,128,-1.0,-152.0
229,3147,1451,215,746,6,2,511,3,64,128,-1.0,-153.0
230,3137,1445,215,747,6,2,512,3,64,128,-1.0,-154.0
231,3127,1438,215,749,6,2,513,3,64,128,-1.0,-155.0
232,3117,1432,215,750,6,2,514,3,64,128,-1.0,-156.0
233,3107,1426,215,752,6,2,515,3,64,128,-1.0,-157.0
234,3097,1420,215,753,6,2,516,3,64,128,-1.0,-158.0
235,3087,1414,215,755,6,2,517,3,64,128,-1.0,-159.0
236,3077,1408,215,756,6,2,518,3,64,128,-1.0,-160.0
237,3067,1402,215,758,6,2,519,3,64,128,-1.0,-161.0
238,3057,1395,215,759,6,2,520,3,64,128,-1.0,-162.0
239,3046,1389,215,761,6,2,521,3,64,128,-1.0,-163.0
240,3036,1383,215,762,6,2,522,3,64,128,-1.0,-164.0
241,3026,1377,215,764,6,2,523,3,64,128,-1.0,-165.0
242,3016,1371,215,765,6,2,524,3,64,128,-1.0,-166.0
243,3006,1365,215,767,6,2,525,3,64,128,-1.0,-167.0
244,2995,1358,215,768,6,2,526,3,64,128,-1.0,-168.0
245,2985,1352,215,769,6,2,527,3,64,128,-1.0,-169.0
246,2975,1346,215,770,6,2,528,3,64,128,-1.0,-170.0
247,2965,1340,215,771,6,2,529,3,64,128,-1.0,-171.0
248,2954,1333,215,772,6,2,530,3,64,128,-1.0,-172.0
249,2944,1327,215,773,6,2,531,3,64,128,-1.0,-173.0
250,2934,1321,215,774,6,2,532,3,64,128,-1.0,-174.0
251,2923,1315,215,775,6,2,533,3,64,128,-1.0,-175.0
252,2913,1308,215,776,6,2,534,3,64,128,-1.0,-176.0
253,2903,1302,214,777,6,2,535,3,64,128,-1.0,-177.0
254,2892,1296,214,778,6,2,536,3,64,128,-1.0,-178.0
255,2882,1289,214,779,6,2,537,3,64,128,-1.0,-179.0
256,2871,1283,214,780,6,2,538,4,64,128,1.0,-178.0
257,2861,1277,214,781,6,2,539,4,64,128,-1.0,-179.0
258,2850,1270,214,782,6,2,540,4,64,128,-1.0,-180.0
259,2840,1264,214,783,6,2,541,4,64,128,-1.0,-181.0
260,2829,1258,214,784,6,2,542,4,64,128,-1.0,-182.0
261,2819,1252,214,785,6,2,543,4,64,128,-1.0,-183.0
262,2808,1245,214,786,6,2,544,4,64,128,-1.0,-184.0
263,2798,1239,214,787,6,2,545,4,64,128,-1.0,-185.0
264,2787,1233,214,788,6,2,546,4,64,128,-1.0,-186.0
265,2777,1226,214,789,6,2,547,4,64,128,-1.0,-187.0
266,2766,1220,214,790,6,2,548,4,64,128,-1.0,-188.0
267,2756,1214,214,791,6,2,549,4,64,128,-1.0,-189.0
268,2745,1207,214,792,6,2,550,4,64,128,-1.0,-190.0
269,2734,1201,214,793,6,2,551,4,64,128,-1.0,-191.0
270,2724,1195,214,794,6,2,552,4,64,128,-1.0,-192.0
271,2713,1188,214,795,6,2,553,4,64,128,-1.0,-193.0
272,2702,1182,214,796,6,2,554,4,64,128,-1.0,-194.0
273,2692,1176,214,797,6,2,555,4,64,128,-1.0,-195.0
274,2681,1169,214,798,6,2,556,4,64,128,-1.0,-196.0
275,2670,1163,214,799,6,2,557,4,64,128,-1.0,-197.0
276,2659,1156,214,800,6,2,558,4,64,128,-1.0,-198.0
277,2649,1150,214,801,6,2,559,4,64,128,-1.0,-199.0
278,2638,1144,214,802,6,2,560,4,64,128,-1.0,-200.0
279,2627,1137,214,803,6,2,561,4,64,128,-1.0,-201.0
280,2616,1131,214,804,6,2,562,4,64,128,-1.0,-202.0
281,2606,1124,214,805,6,2,563,4,64,128,-1.0,-203.0
282,2595,1118,214,806,6,2,564,4,64,128,-1.0,-204.0
283,2584,1112,214,807,6,2,565,4,64,128,-1.0,-205.0
284,2573,1105,214,808,6,2,566,4,64,128,-1.0,-206.0
285,2562,1099,214,809,6,2,567,4,64,128,-1.0,-207.0
286,2551,1092,214,810,6,2,568,5,64,128,1.0,-206.0
287,2540,1086,214,811,6,2,569,5,64,128,-1.0,-207.0
288,2530,1080,214,812,6,2,570,5,64,128,-1.0,-208.0
289,2519,1073,214,813,6,2,571,5,64,128,-1.0,-209.0
290,2508,1067,214,814,6,2,572,5,64,128,-1.0,-210.0
291,2497,1060,214,815,6,2,573,5,64,128,-1.0,-211.0
292,2486,1054,214,816,6,2,574,5,64,128,-1.0,-212.0
293,2475,1047,214,817,6,2,575,5,64,128,-1.0,-213.0
294,2464,1041,214,818,6,2,576,5,64,128,-1.0,-214.0
295,2453,1035,214,819,6,2,577,5,64,128,-1.0,-215.0
296,2441,1028,214,820,6,2,578,5,64,128,-1.0,-216.0
297,2430,1022,214,821,6,2,579,5,64,128,-1.0,-217.0
298,2419,1015,214,822,6,2,580,5,64,128,-1.0,-218.0
299,2408,1009,214,823,6,2,581,5,64,128,-1.0,-219.0
300,2397,1002,214,824,6,2,582,5,64,128,-1.0,-220.0
301,2386,996,214,825,6,2,583,5,64,128,-1.0,-221.0
302,2375,990,213,826,6,2,584,5,64,128,-1.0,-222.0
303,2363,983,213,827,6,2,585,5,64,128,-1.0,-223.0
304,2352,977,213,828,6,2,586,5,64,128,-1.0,-224.0
305,2341,970,213,829,6,2,587,5,64,128,-1.0,-225.0
306,2330,964,213,830,6,2,588,5,64,128,-1.0,-226.0
307,2318,958,213,831,6,2,589,5,64,128,-1.0,-227.0
308,2307,951,213,832,6,2,590,5,64,128,-1.0,-228.0
309,2296,945,213,833,6,2,591,6,64,128,1.0,-227.0
310,2284,939,213,833,6,2,592,6,64,128,-1.0,-228.0
311,2273,932,213,834,6,2,593,6,64,128,-1.0,-229.0
312,2261,926,213,834,6,2,594,6,64,128,-1.0,-230.0
313,2250,920,213,835,6,2,595,6,64,128,-1.0,-231.0
314,2239,914,213,835,6,2,596,6,64,128,-1.0,-232.0
315,2227,907,212,836,6,2,597,6,64,128,-1.0,-233.0
316,2216,901,212,836,6,2,598,6,64,128,-1.0,-234.0
317,2204,895,212,837,6,2,599,6,64,128,-1.0,-235.0
318,2193,889,212,837,6,2,600,6,64,128,-1.0,-236.0
319,2181,883,212,838,6,2,601,6,64,128,-1.0,-237.0
320,2169,877,211,838,6,2,602,6,64,128,-1.0,-238.0
321,2158,871,211,839,6,2,603,6,64,128,-1.0,-239.0
322,2146,865,211,839,6,2,604,6,64,128,-1.0,-240.0
323,2134,859,211,840,6,2,605,6,64,128,-1.0,-241.0
324,2122,854,210,840,6,2,606,6,64,128,-1.0,-242.0
325,2110,848,210,841,6,2,607,6,64,128,-1.0,-243.0
326,2098,843,210,841,6,2,608,6,64,128,-1.0,-244.0
327,2086,837,210,842,6,2,609,6,64,128,-1.0,-245.0
328,2075,831,210,842,6,2,610,6,64,128,-1.0,-246.0
329,2063,826,210,843,6,2,611,6,64,128,-1.0,-247.0
330,2051,820,210,843,6,2,612,6,64,128,-1.0,-248.0
331,2039,815,210,844,6,2,613,6,64,128,-1.0,-249.0
332,2027,809,210,844,6,2,614,6,64,128,-1.0,-250.0
333,2015,804,210,845,6,2,615,6,64,128,-1.0,-251.0
334,2003,798,210,845,6,2,616,6,64,128,-1.0,-252.0
335,1991,793,210,846,6,2,617,6,64,128,-1.0,-253.0
336,1979,787,210,846,6,2,618,6,64,128,-1.0,-254.0
337,1967,782,210,847,6,2,619,6,64,128,-1.0,-255.0
338,1955,776,210,847,6,2,620,6,64,128,-1.0,-256.0
339,1943,771,209,848,6,2,621,6,64,128,-1.0,-257.0
340,1930,766,209,848,6,2,622,6,64,128,-1.0,-258.0
341,1918,760,209,849,6,2,623,6,64,128,-1.0,-259.0
342,1906,755,209,849,6,2,624,6,64,128,-1.0,-260.0
343,1894,750,209,850,6,2,625,6,64,128,-1.0,-261.0
344,1882,744,209,850,6,2,626,6,64,128,-1.0,-262.0
345,1870,739,209,851,6,2,627,6,64,128,-1.0,-263.0
346,1857,734,209,851,6,2,628,6,64,128,-1.0,-264.0
347,1845,729,209,852,6,2,629,7,64,128,1.0,-263.0
348,1833,724,209,852,6,2,630,7,64,128,-1.0,-264.0
349,1820,719,209,853,6,2,631,7,64,128,-1.0,-265.0
350,1808,713,208,853,6,2,632,7,64,128,-1.0,-266.0
351,1796,708,208,854,6,2,633,7,64,128,-1.0,-267.0
352,1784,703,208,854,6,2,634,7,64,128,-1.0,-268.0
353,1771,698,208,855,6,2,635,7,64,128,-1.0,-269.0
354,1759,693,208,855,6,2,636,7,64,128,-1.0,-270.0
355,1747,688,208,856,6,2,637,7,64,128,-1.0,-271.0
356,1734,682,208,856,6,2,638,7,64,128,-1.0,-272.0
357,1722,677,208,857,6,2,639,7,64,128,-1.0,-273.0
358,1710,672,208,857,6,2,640,7,64,128,-1.0,-274.0
359,1697,667,208,858,6,2,641,7,64,128,-1.0,-275.0
360,1685,662,208,858,6,2,642,7,64,128,-1.0,-276.0
361,1672,657,208,859,6,2,643,7,64,128,-1.0,-277.0
362,1660,651,208,859,6,2,644,7,64,128,-1.0,-278.0
363,1648,646,208,860,6,2,645,7,64,128,-1.0,-279.0
364,1635,641,208,860,6,2,646,7,64,128,-1.0,-280.0
365,1623,636,208,861,6,2,647,7,64,128,-1.0,-281.0
366,1610,631,208,861,6,2,648,7,64,128,-1.0,-282.0
367,1598,626,208,862,6,2,649,7,64,128,-1.0,-283.0
368,1586,620,208,862,6,2,650,7,64,128,-1.0,-284.0
369,1573,615,208,863,6,2,651,7,64,128,-1.0,-285.0
370,1561,610,208,863,6,2,652,7,64,128,-1.0,-286.0
371,1548,605,208,864,6,2,653,7,64,128,-1.0,-287.0
372,1536,600,208,864,6,2,654,7,64,128,-1.0,-288.0
373,1523,594,208,865,6,2,655,7,64,128,-1.0,-289.0
374,1511,589,208,865,6,2,656,7,64,128,-1.0,-290.0
375,1498,584,208,866,6,2,657,7,64,128,-1.0,-291.0
376,1486,579,208,866,6,2,658,7,64,128,-1.0,-292.0
377,1473,574,208,867,6,2,659,7,64,128,-1.0,-293.0
378,1461,568,208,867,6,2,660,7,64,128,-1.0,-294.0
379,1448,563,208,868,6,2,661,7,64,128,-1.0,-295.0
380,1436,558,208,868,6,2,662,7,64,128,-1.0,-296.0
381,1423,553,208,869,6,2,663,7,64,128,-1.0,-297.0
382,1411,547,208,869,6,2,664,7,64,128,-1.0,-298.0
383,1398,542,208,870,6,2,665,7,64,128,-1.0,-299.0
384,1386,537,208,870,6,2,666,7,64,128,-1.0,-300.0
385,1373,532,208,871,6,2,667,7,64,128,-1.0,-301.0
386,1361,526,208,871,6,2,668,7,64,128,-1.0,-302.0
387,1348,521,208,872,6,2,669,7,64,128,-1.0,-303.0
388,1335,516,208,872,6,2,670,8,64,128,1.0,-302.0
389,1323,511,208,873,6,2,671,8,64,128,-1.0,-303.0
390,1310,505,208,873,6,2,672,8,64,128,-1.0,-304.0
391,1298,500,208,874,6,2,673,8,64,128,-1.0,-305.0
392,1285,495,208,874,6,2,674,8,64,128,-1.0,-306.0
393,1272,489,208,875,6,2,675,8,64,128,-1.0,-307.0
394,1260,484,208,875,6,2,676,8,64,128,-1.0,-308.0
395,1247,479,208,876,6,2,677,8,64,128,-1.0,-309.0
396,1235,474,208,876,6,2,678,8,64,128,-1.0,-310.0
397,1222,469,208,877,6,2,679,8,64,128,-1.0,-311.0
398,1209,464,208,877,6,2,680,8,64,128,-1.0,-312.0
399,1196,459,207,878,6,2,681,8,64,128,-1.0,-313.0
400,1184,454,207,868,6,2,682,8,64,128,-1.0,-314.0
401,1171,449,207,869,6,2,683,8,64,128,-1.0,-315.0
402,1158,444,206,869,6,2,684,8,64,128,-1.0,-316.0
403,1145,440,206,860,6,2,685,8,64,128,-1.0,-317.0
404,1133,435,205,860,6,2,686,8,64,128,-1.0,-318.0
405,1120,431,205,861,6,2,687,8,64,128,-1.0,-319.0
406,1107,427,204,851,6,2,688,8,64,128,-1.0,-320.0
407,1094,423,204,852,6,2,689,8,64,128,-1.0,-321.0
408,1081,419,203,852,6,2,690,8,64,128,-1.0,-322.0
409,1069,416,202,853,6,2,691,8,64,128,-1.0,-323.0
410,1056,413,201,853,6,2,692,8,64,128,-1.0,-324.0
411,1043,410,201,854,6,2,693,8,64,128,-1.0,-325.0
412,1030,407,200,854,6,2,694,8,64,128,-1.0,-326.0
413,1016,405,199,855,6,2,695,8,64,128,-1.0,-327.0
414,1003,402,198,845,6,2,696,8,64,128,-1.0,-328.0
415,990,400,197,846,6,2,697,8,64,128,-1.0,-329.0
416,977,399,196,846,6,2,698,8,64,128,-1.0,-330.0
417,964,398,195,847,6,2,699,8,64,128,-1.0,-331.0
418,951,397,194,847,6,2,700,8,64,128,-1.0,-332.0
419,937,396,193,848,6,2,701,8,64,128,-1.0,-333.0
420,924,396,192,848,6,2,702,8,64,128,-1.0,-334.0
421,911,396,191,849,6,2,703,8,64,128,-1.0,-335.0
422,898,396,191,849,6,2,704,8,64,128,-1.0,-336.0
423,884,397,190,850,6,2,705,9,64,128,1.0,-335.0
424,871,398,189,850,6,2,706,9,64,128,-1.0,-336.0
425,858,399,188,851,6,2,707,9,64,128,-1.0,-337.0
426,845,400,187,851,6,2,708,9,64,128,-1.0,-338.0
427,831,402,187,852,6,2,709,9,64,128,-1.0,-339.0
428,818,404,186,852,6,2,710,9,64,128,-1.0,-340.0
429,805,406,185,853,6,2,711,9,64,128,-1.0,-341.0
430,792,408,184,843,6,2,712,9,64,128,-1.0,-342.0
431,779,411,183,844,6,2,713,9,64,128,-1.0,-343.0
432,766,414,181,844,6,2,714,9,64,128,-1.0,-344.0
433,754,418,180,845,6,2,715,9,64,128,-1.0,-345.0
434,741,421,179,835,6,2,716,9,64,128,-1.0,-346.0
435,729,426,178,836,6,2,717,9,64,128,-1.0,-347.0
436,716,430,177,836,6,2,718,9,64,128,-1.0,-348.0
437,704,435,175,837,6,2,719,9,64,128,-1.0,-349.0
438,692,440,174,837,6,2,720,9,64,128,-1.0,-350.0
439,680,446,173,838,6,2,721,9,64,128,-1.0,-351.0
440,669,452,172,838,6,2,722,9,64,128,-1.0,-352.0
441,657,458,171,839,6,2,723,9,64,128,-1.0,-353.0
442,646,465,169,839,6,2,724,9,64,128,-1.0,-354.0
443,635,472,168,830,6,2,725,10,64,128,1.0,-353.0
444,624,479,167,831,6,2,726,10,64,128,-1.0,-354.0
445,613,487,166,821,6,2,727,10,64,128,-1.0,-355.0
446,603,494,165,822,6,2,728,10,64,128,-1.0,-356.0
447,593,502,163,823,6,2,729,10,64,128,-1.0,-357.0
448,583,511,162,813,6,2,730,10,64,128,-1.0,-358.0
449,574,519,161,803,6,2,731,10,64,128,-1.0,-359.0
450,565,528,160,804,6,2,732,10,64,128,-1.0,-360.0
451,556,537,158,805,6,2,733,10,64,128,-1.0,-361.0
452,548,546,157,806,6,2,734,10,64,128,-1.0,-362.0
453,539,556,156,807,6,2,735,10,64,128,-1.0,-363.0
454,532,566,155,808,6,2,736,10,64,128,-1.0,-364.0
455,524,576,154,809,6,2,737,10,64,128,-1.0,-365.0
456,516,586,152,810,6,2,738,10,64,128,-1.0,-366.0
457,509,597,151,800,6,2,739,11,64,128,1.0,-365.0
458,503,607,150,801,6,2,740,11,64,128,-1.0,-366.0
459,496,618,149,802,6,2,741,11,64,128,-1.0,-367.0
460,490,629,148,803,6,2,742,11,64,128,-1.0,-368.0
461,484,640,147,804,6,2,743,11,64,128,-1.0,-369.0
462,479,651,146,805,6,2,744,11,64,128,-1.0,-370.0
463,473,663,145,806,6,2,745,11,64,128,-1.0,-371.0
464,468,674,144,807,6,2,746,11,64,128,-1.0,-372.0
465,463,686,143,808,6,2,747,11,64,128,-1.0,-373.0
466,459,698,143,809,6,2,748,11,64,128,-1.0,-374.0
467,454,709,142,810,6,2,749,11,64,128,-1.0,-375.0
468,450,721,141,811,6,2,750,11,64,128,-1.0,-376.0
469,446,733,141,812,6,2,751,11,64,128,-1.0,-377.0
470,442,746,140,813,6,2,752,11,64,128,-1.0,-378.0
471,439,758,140,814,6,2,753,11,64,128,-1.0,-379.0
472,435,770,139,815,6,2,754,12,64,128,1.0,-378.0
473,432,782,139,816,6,2,755,12,64,128,-1.0,-379.0
474,428,795,139,817,6,2,756,12,64,128,-1.0,-380.0
475,425,807,139,818,6,2,757,12,64,128,-1.0,-381.0
476,422,819,138,819,6,2,758,12,64,128,-1.0,-382.0
477,419,832,138,820,6,2,759,12,64,128,-1.0,-383.0
478,416,844,138,821,6,2,760,12,64,128,-1.0,-384.0
479,412,857,138,822,6,2,761,12,64,128,-1.0,-385.0
480,409,869,138,823,6,2,762,12,64,128,-1.0,-386.0
481,406,882,138,824,6,2,763,12,64,128,-1.0,-387.0
482,403,894,138,825,6,2,764,12,64,128,-1.0,-388.0
483,400,907,138,826,6,2,765,12,64,128,-1.0,-389.0
484,397,919,138,827,6,2,766,12,64,128,-1.0,-390.0
485,394,932,138,828,6,2,767,12,64,128,-1.0,-391.0
486,391,944,138,829,6,2,768,12,64,128,-1.0,-392.0
487,388,957,138,830,6,2,769,12,64,128,-1.0,-393.0
488,384,969,138,831,6,2,770,12,64,128,-1.0,-394.0
489,381,982,138,832,6,2,771,12,64,128,-1.0,-395.0
490,378,995,138,832,6,2,772,12,64,128,-1.0,-396.0
491,375,1007,138,833,6,2,773,12,64,128,-1.0,-397.0
492,372,1020,138,833,6,2,774,12,64,128,-1.0,-398.0
493,369,1032,138,834,6,2,775,12,64,128,-1.0,-399.0
494,365,1045,138,834,6,2,776,12,64,128,-1.0,-400.0
495,362,1058,138,835,6,2,777,12,64,128,-1.0,-401.0
496,359,1070,138,835,6,2,778,12,64,128,-1.0,-402.0
497,356,1083,138,836,6,2,779,12,64,128,-1.0,-403.0
498,353,1096,138,836,6,2,780,12,64,128,-1.0,-404.0
499,350,1108,138,837,6,2,781,12,64,128,-1.0,-405.0
500,346,1121,138,837,6,2,782,12,64,128,-1.0,-406.0
501,343,1134,138,838,6,2,783,12,64,128,-1.0,-407.0
502,340,1147,138,838,6,2,784,12,64,128,-1.0,-408.0
503,337,1159,138,839,6,2,785,12,64,128,-1.0,-409.0
504,334,1172,138,839,6,2,786,12,64,128,-1.0,-410.0
505,331,1185,138,840,6,2,787,12,64,128,-1.0,-411.0
506,327,1198,138,840,6,2,788,12,64,128,-1.0,-412.0
507,324,1210,138,841,6,2,789,12,64,128,-1.0,-413.0
508,321,1223,138,841,6,2,790,13,64,128,1.0,-412.0
509,318,1236,138,842,6,2,791,13,64,128,-1.0,-413.0
510,315,1249,138,842,6,2,792,13,64,128,-1.0,-414.0
511,312,1261,138,843,6,2,793,13,64,128,-1.0,-415.0
512,308,1274,138,843,6,2,794,13,64,128,-1.0,-416.0
513,305,1287,138,844,6,2,795,13,64,128,-1.0,-417.0
514,302,1300,138,844,6,2,796,13,64,128,-1.0,-418.0
515,299,1313,138,845,6,2,797,13,64,128,-1.0,-419.0
516,296,1325,138,845,6,2,798,13,64,128,-1.0,-420.0
517,292,1338,138,846,6,2,799,13,64,128,-1.0,-421.0
518,289,1351,138,846,6,2,800,13,64,128,-1.0,-422.0
519,286,1364,138,847,6,2,801,13,64,128,-1.0,-423.0
520,283,1377,138,847,6,2,802,13,64,128,-1.0,-424.0
521,280,1390,138,848,6,2,803,13,64,128,-1.0,-425.0
522,277,1403,138,848,6,2,804,13,64,128,-1.0,-426.0
523,274,1415,138,849,6,2,805,13,64,128,-1.0,-427.0
524,271,1428,138,849,6,2,806,13,64,128,-1.0,-428.0
525,268,1441,138,850,6,2,807,13,64,128,-1.0,-429.0
526,265,1454,138,850,6,2,808,13,64,128,-1.0,-430.0
527,262,1467,138,851,6,2,809,13,64,128,-1.0,-431.0
528,259,1480,137,851,6,2,810,13,64,128,-1.0,-432.0
529,256,1493,137,852,6,2,811,13,64,128,-1.0,-433.0
530,253,1506,137,852,6,2,812,13,64,128,-1.0,-434.0
531,250,1519,137,853,6,2,813,13,64,128,-1.0,-435.0
532,247,1532,137,853,6,2,814,13,64,128,-1.0,-436.0
533,244,1545,137,854,6,2,815,13,64,128,-1.0,-437.0
534,241,1558,136,854,6,2,816,13,64,128,-1.0,-438.0
535,239,1571,136,855,6,2,817,13,64,128,-1.0,-439.0
536,236,1584,136,855,6,2,818,13,64,128,-1.0,-440.0
537,234,1598,136,856,6,2,819,13,64,128,-1.0,-441.0
538,231,1611,136,856,6,2,820,13,64,128,-1.0,-442.0
539,229,1624,136,857,6,2,821,13,64,128,-1.0,-443.0
540,226,1637,136,857,6,2,822,13,64,128,-1.0,-444.0
541,224,1650,135,858,6,2,823,13,64,128,-1.0,-445.0
542,221,1663,135,858,6,2,824,13,64,128,-1.0,-446.0
543,219,1677,135,859,6,2,825,13,64,128,-1.0,-447.0
544,217,1690,134,859,6,2,826,13,64,128,-1.0,-448.0
545,215,1703,134,860,6,2,827,13,64,128,-1.0,-449.0
546,213,1717,134,860,6,2,828,13,64,128,-1.0,-450.0
547,211,1730,133,861,6,2,829,13,64,128,-1.0,-451.0
548,210,1743,133,861,6,2,830,13,64,128,-1.0,-452.0
549,208,1757,132,862,6,2,831,13,64,128,-1.0,-453.0
550,207,1770,132,862,6,2,832,13,64,128,-1.0,-454.0
551,206,1783,131,863,6,2,833,13,64,128,-1.0,-455.0
552,205,1797,131,863,6,2,834,14,64,128,1.0,-454.0
553,204,1810,130,864,6,2,835,14,64,128,-1.0,-455.0
554,204,1824,130,864,6,2,836,14,64,128,-1.0,-456.0
555,203,1837,130,865,6,2,837,14,64,128,-1.0,-457.0
556,202,1851,130,865,6,2,838,14,64,128,-1.0,-458.0
557,202,1864,129,866,6,2,839,14,64,128,-1.0,-459.0
558,202,1878,129,866,6,2,840,14,64,128,-1.0,-460.0
559,201,1892,129,867,6,2,841,14,64,128,-1.0,-461.0
560,201,1905,129,867,6,2,842,14,64,128,-1.0,-462.0
561,201,1919,129,868,6,2,843,14,64,128,-1.0,-463.0
562,201,1932,129,868,6,2,844,14,64,128,-1.0,-464.0
563,200,1946,129,869,6,2,845,14,64,128,-1.0,-465.0
564,200,1959,129,869,6,2,846,14,64,128,-1.0,-466.0
565,200,1973,129,870,6,2,847,14,64,128,-1.0,-467.0
566,200,1986,129,870,6,2,848,14,64,128,-1.0,-468.0
567,199,2000,129,871,6,2,849,14,64,128,-1.0,-469.0
568,199,2014,129,871,6,2,850,14,64,128,-1.0,-470.0
569,199,2027,129,872,6,2,851,14,64,128,-1.0,-471.0
570,199,2041,129,872,6,2,852,14,64,128,-1.0,-472.0
571,198,2055,129,873,6,2,853,14,64,128,-1.0,-473.0
572,198,2068,129,873,6,2,854,14,64,128,-1.0,-474.0
573,198,2082,129,874,6,2,855,14,64,128,-1.0,-475.0
574,198,2095,129,874,6,2,856,14,64,128,-1.0,-476.0
575,197,2109,129,875,6,2,857,14,64,128,-1.0,-477.0
576,197,2123,129,875,6,2,858,14,64,128,-1.0,-478.0
577,197,2136,128,876,6,2,859,14,64,128,-1.0,-479.0
578,197,2150,128,876,6,2,860,14,64,128,-1.0,-480.0
579,197,2164,128,867,6,2,861,14,64,128,-1.0,-481.0
580,197,2177,128,867,6,2,862,14,64,128,-1.0,-482.0
581,197,2191,127,868,6,2,863,14,64,128,-1.0,-483.0
582,198,2205,127,868,6,2,864,14,64,128,-1.0,-484.0
583,198,2218,126,869,6,2,865,14,64,128,-1.0,-485.0
584,199,2232,126,869,6,2,866,14,64,128,-1.0,-486.0
585,200,2245,125,870,6,2,867,14,64,128,-1.0,-487.0
586,201,2259,125,870,6,2,868,14,64,128,-1.0,-488.0
587,202,2272,124,871,6,2,869,14,64,128,-1.0,-489.0
588,204,2286,123,871,6,2,870,14,64,128,-1.0,-490.0
589,205,2299,122,872,6,2,871,14,64,128,-1.0,-491.0
590,207,2313,122,872,6,2,872,14,64,128,-1.0,-492.0
591,209,2326,121,863,6,2,873,14,64,128,-1.0,-493.0
592,212,2340,120,863,6,2,874,14,64,128,-1.0,-494.0
593,215,2353,119,854,6,2,875,14,64,128,-1.0,-495.0
594,218,2366,118,844,6,2,876,14,64,128,-1.0,-496.0
595,221,2379,117,835,6,2,877,15,64,128,1.0,-495.0
596,224,2391,116,825,6,2,878,15,64,128,-1.0,-496.0
597,228,2403,115,816,6,2,879,15,64,128,-1.0,-497.0
598,232,2416,114,817,6,2,880,15,64,128,-1.0,-498.0
599,237,2428,113,818,6,2,881,15,64,128,-1.0,-499.0
600,242,2439,111,819,6,2,882,15,64,128,-1.0,-500.0
601,247,2451,110,820,6,2,883,15,64,128,-1.0,-501.0
602,252,2463,109,821,6,2,884,15,64,128,-1.0,-502.0
603,258,2474,108,822,6,2,885,15,64,128,-1.0,-503.0
604,264,2486,107,823,6,2,886,15,64,128,-1.0,-504.0
605,270,2497,107,824,6,2,887,15,64,128,-1.0,-505.0
606,277,2508,106,825,6,2,888,15,64,128,-1.0,-506.0
607,284,2519,105,826,6,2,889,15,64,128,-1.0,-507.0
608,291,2530,104,827,6,2,890,15,64,128,-1.0,-508.0
609,298,2540,103,828,6,2,891,15,64,128,-1.0,-509.0
610,306,2551,102,829,6,2,892,15,64,128,-1.0,-510.0
611,313,2561,101,830,6,2,893,15,64,128,-1.0,-511.0
612,321,2571,100,831,6,2,894,15,64,128,-1.0,-512.0
613,330,2581,99,832,6,2,895,15,64,128,-1.0,-513.0
614,338,2591,99,832,6,2,896,15,64,128,-1.0,-514.0
615,347,2601,98,833,6,2,897,15,64,128,-1.0,-515.0
616,356,2610,97,833,6,2,898,15,64,128,-1.0,-516.0
617,365,2620,96,834,6,2,899,15,64,128,-1.0,-517.0
618,374,2629,95,834,6,2,900,15,64,128,-1.0,-518.0
619,383,2638,95,835,6,2,901,15,64,128,-1.0,-519.0
620,393,2647,94,835,6,2,902,15,64,128,-1.0,-520.0
621,402,2656,93,836,6,2,903,15,64,128,-1.0,-521.0
622,412,2664,92,836,6,2,904,15,64,128,-1.0,-522.0
623,422,2672,91,837,6,2,905,15,64,128,-1.0,-523.0
624,433,2680,90,837,6,2,906,15,64,128,-1.0,-524.0
625,443,2688,89,838,6,2,907,16,64,128,1.0,-523.0
626,454,2696,88,838,6,2,908,16,64,128,-1.0,-524.0
627,465,2703,87,839,6,2,909,16,64,128,-1.0,-525.0
628,476,2710,86,839,6,2,910,16,64,128,-1.0,-526.0
629,487,2716,84,840,6,2,911,16,64,128,-1.0,-527.0
630,499,2723,83,840,6,2,912,16,64,128,-1.0,-528.0
631,511,2729,82,841,6,2,913,16,64,128,-1.0,-529.0
632,523,2734,81,841,6,2,914,16,64,128,-1.0,-530.0
633,535,2739,80,842,6,2,915,16,64,128,-1.0,-531.0
634,547,2744,78,842,6,2,916,16,64,128,-1.0,-532.0
635,559,2749,77,843,6,2,917,16,64,128,-1.0,-533.0
636,572,2753,76,843,6,2,918,16,64,128,-1.0,-534.0
637,584,2756,75,844,6,2,919,16,64,128,-1.0,-535.0
638,597,2760,74,844,6,2,920,16,64,128,-1.0,-536.0
639,610,2763,72,845,6,2,921,16,64,128,-1.0,-537.0
640,623,2765,71,845,6,2,922,16,64,128,-1.0,-538.0
641,636,2768,70,846,6,2,923,16,64,128,-1.0,-539.0
642,649,2770,69,846,6,2,924,17,64,128,1.0,-538.0
643,662,2771,68,847,6,2,925,17,64,128,-1.0,-539.0
644,675,2772,67,847,6,2,926,17,64,128,-1.0,-540.0
645,689,2773,66,848,6,2,927,17,64,128,-1.0,-541.0
646,702,2774,65,848,6,2,928,17,64,128,-1.0,-542.0
647,715,2774,64,849,6,2,929,17,64,128,-1.0,-543.0
648,728,2774,63,849,6,2,930,17,64,128,-1.0,-544.0
649,742,2774,63,850,6,2,931,17,64,128,-1.0,-545.0
650,755,2773,62,850,6,2,932,17,64,128,-1.0,-546.0
651,768,2772,61,851,6,2,933,18,64,128,1.0,-545.0
652,781,2771,61,851,6,2,934,18,64,128,-1.0,-546.0
653,795,2770,60,852,6,2,935,18,64,128,-1.0,-547.0
654,808,2769,60,852,6,2,936,18,64,128,-1.0,-548.0
655,821,2768,60,853,6,2,937,18,64,128,-1.0,-549.0
656,834,2766,59,853,6,2,938,18,64,128,-1.0,-550.0
657,847,2765,59,854,6,2,939,18,64,128,-1.0,-551.0
658,861,2763,59,854,6,2,940,18,64,128,-1.0,-552.0
659,874,2761,59,855,6,2,941,18,64,128,-1.0,-553.0
660,887,2759,59,855,6,2,942,18,64,128,-1.0,-554.0
661,900,2758,59,856,6,2,943,18,64,128,-1.0,-555.0
662,914,2756,59,856,6,2,944,18,64,128,-1.0,-556.0
663,927,2754,59,857,6,2,945,18,64,128,-1.0,-557.0
664,940,2752,59,857,6,2,946,18,64,128,-1.0,-558.0
665,953,2750,59,858,6,2,947,18,64,128,-1.0,-559.0
666,967,2749,59,858,6,2,948,18,64,128,-1.0,-560.0
667,980,2747,59,859,6,2,949,18,64,128,-1.0,-561.0
668,993,2745,59,859,6,2,950,18,64,128,-1.0,-562.0
669,1007,2743,59,860,6,2,951,18,64,128,-1.0,-563.0
670,1020,2742,59,860,6,2,952,18,64,128,-1.0,-564.0
671,1033,2740,59,861,6,2,953,18,64,128,-1.0,-565.0
672,1047,2738,59,861,6,2,954,18,64,128,-1.0,-566.0
673,1060,2736,59,862,6,2,955,18,64,128,-1.0,-567.0
674,1073,2735,59,862,6,2,956,18,64,128,-1.0,-568.0
675,1087,2733,59,863,6,2,957,18,64,128,-1.0,-569.0
676,1100,2731,59,863,6,2,958,18,64,128,-1.0,-570.0
677,1113,2729,59,864,6,2,959,18,64,128,-1.0,-571.0
678,1127,2728,59,864,6,2,960,18,64,128,-1.0,-572.0
679,1140,2726,59,865,6,2,961,18,64,128,-1.0,-573.0
680,1153,2724,59,865,6,2,962,19,64,128,1.0,-572.0
681,1167,2722,59,866,6,2,963,19,64,128,-1.0,-573.0
682,1180,2721,59,866,6,2,964,19,64,128,-1.0,-574.0
683,1194,2719,59,867,6,2,965,19,64,128,-1.0,-575.0
684,1207,2717,59,867,6,2,966,19,64,128,-1.0,-576.0
685,1220,2715,59,868,6,2,967,19,64,128,-1.0,-577.0
686,1234,2714,59,868,6,2,968,19,64,128,-1.0,-578.0
687,1247,2712,59,869,6,2,969,19,64,128,-1.0,-579.0
688,1261,2710,59,869,6,2,970,19,64,128,-1.0,-580.0
689,1274,2709,60,870,6,2,971,19,64,128,-1.0,-581.0
690,1288,2707,60,870,6,2,972,19,64,128,-1.0,-582.0
691,1301,2706,60,871,6,2,973,19,64,128,-1.0,-583.0
692,1315,2704,60,871,6,2,974,19,64,128,-1.0,-584.0
693,1328,2703,60,872,6,2,975,19,64,128,-1.0,-585.0
694,1342,2702,61,872,6,2,976,19,64,128,-1.0,-586.0
695,1356,2701,61,873,6,2,977,19,64,128,-1.0,-587.0
696,1369,2699,61,873,6,2,978,19,64,128,-1.0,-588.0
697,1383,2698,61,874,6,2,979,19,64,128,-1.0,-589.0
698,1396,2697,61,874,6,2,980,19,64,128,-1.0,-590.0
699,1410,2696,62,875,6,2,981,19,64,128,-1.0,-591.0
700,1424,2695,62,875,6,2,982,19,64,128,-1.0,-592.0
701,1437,2695,62,876,6,2,983,19,64,128,-1.0,-593.0
702,1451,2694,63,876,6,2,984,19,64,128,-1.0,-594.0
703,1465,2693,63,877,6,2,985,19,64,128,-1.0,-595.0
704,1478,2693,63,877,6,2,986,19,64,128,-1.0,-596.0
705,1492,2693,64,878,6,2,987,19,64,128,-1.0,-597.0
706,1506,2692,64,878,6,2,988,19,64,128,-1.0,-598.0
707,1519,2692,65,879,6,2,989,19,64,128,-1.0,-599.0
708,1533,2692,65,879,6,2,990,19,64,128,-1.0,-600.0
709,1547,2693,65,880,6,2,991,19,84,128,-1.0,-601.0
710,1561,2693,66,856,6,2,992,19,84,128,-1.0,-602.0
711,1574,2694,67,833,6,2,993,19,84,128,-1.0,-603.0
712,1587,2694,67,809,6,2,994,19,84,128,-1.0,-604.0
713,1599,2695,68,786,6,2,995,19,84,128,-1.0,-605.0
714,1612,2696,68,762,6,2,996,20,84,128,1.0,-604.0
715,1624,2697,69,747,6,2,997,20,84,128,-1.0,-605.0
716,1635,2698,70,731,6,2,998,20,84,128,-1.0,-606.0
717,1647,2699,71,716,6,2,999,20,84,128,-1.0,-607.0
718,1658,2700,71,700,6,2,1000,20,84,128,-1.0,-608.0
719,1668,2702,72,685,6,2,1001,20,84,128,-1.0,-609.0
720,1679,2704,73,669,6,2,1002,20,84,128,-1.0,-610.0
721,1689,2706,74,654,6,2,1003,20,84,128,-1.0,-611.0
722,1699,2708,74,638,6,2,1004,20,84,128,-1.0,-612.0
723,1709,2710,75,623,6,2,1005,20,84,128,-1.0,-613.0
724,1718,2712,75,607,6,2,1006,20,84,128,-1.0,-614.0
725,1728,2715,76,592,6,2,1007,20,84,128,-1.0,-615.0
726,1736,2717,76,596,6,2,1008,20,84,128,-1.0,-616.0
727,1745,2720,77,580,6,2,1009,20,84,128,-1.0,-617.0
728,1754,2723,77,584,6,2,1010,20,84,128,-1.0,-618.0
729,1763,2725,77,588,6,2,1011,20,84,128,-1.0,-619.0
730,1772,2728,78,592,6,2,1012,20,84,128,-1.0,-620.0
731,1780,2731,78,596,6,2,1013,20,84,128,-1.0,-621.0
732,1789,2734,78,580,6,2,1014,20,84,128,-1.0,-622.0
733,1798,2737,78,584,6,2,1015,20,84,128,-1.0,-623.0
734,1806,2740,78,588,6,2,1016,20,84,128,-1.0,-624.0
735,1815,2743,78,580,6,2,1017,20,84,128,-1.0,-625.0
736,1824,2746,78,584,6,2,1018,20,84,128,-1.0,-626.0
737,1832,2749,78,588,6,2,1019,20,84,128,-1.0,-627.0
738,1841,2752,78,592,6,2,1020,20,84,128,-1.0,-628.0
739,1850,2755,78,596,6,2,1021,20,84,128,-1.0,-629.0
740,1858,2758,78,580,6,2,1022,20,84,128,-1.0,-630.0
741,1867,2761,78,584,6,2,1023,20,84,128,-1.0,-631.0
742,1876,2764,78,588,6,2,1024,20,84,128,-1.0,-632.0
743,1884,2767,78,592,6,2,1025,20,84,128,-1.0,-633.0
744,1893,2770,78,596,6,2,1026,20,84,128,-1.0,-634.0
745,1902,2773,78,580,6,2,1027,20,84,128,-1.0,-635.0
746,1910,2775,78,584,6,2,1028,20,84,128,-1.0,-636.0
747,1919,2778,78,588,6,2,1029,20,84,128,-1.0,-637.0
748,1928,2781,78,592,6,2,1030,20,84,128,-1.0,-638.0
749,1936,2785,78,596,6,2,1031,20,84,128,-1.0,-639.0
750,1945,2788,78,580,6,2,1032,20,84,128,-1.0,-640.0
751,1954,2791,78,584,6,2,1033,20,84,128,-1.0,-641.0
752,1962,2794,78,588,6,2,1034,20,84,128,-1.0,-642.0
753,1971,2797,78,592,6,2,1035,20,84,128,-1.0,-643.0
754,1980,2800,78,596,6,2,1036,20,84,128,-1.0,-644.0
755,1989,2803,78,580,6,2,1037,21,84,128,1.0,-643.0
756,1997,2806,79,584,6,2,1038,21,84,128,-1.0,-644.0
757,2006,2809,79,588,6,2,1039,21,84,128,-1.0,-645.0
758,2014,2812,79,592,6,2,1040,21,84,128,-1.0,-646.0
759,2023,2815,79,596,6,2,1041,21,84,128,-1.0,-647.0
760,2032,2818,79,588,6,2,1042,21,84,128,-1.0,-648.0
761,2041,2821,79,592,6,2,1043,21,84,128,-1.0,-649.0
762,2049,2824,79,596,6,2,1044,21,84,128,-1.0,-650.0
763,2058,2827,79,580,6,2,1045,21,84,128,-1.0,-651.0
764,2067,2830,78,584,6,2,1046,21,84,128,-1.0,-652.0
765,2075,2833,78,588,6,2,1047,21,84,128,-1.0,-653.0
766,2084,2837,78,592,6,2,1048,21,84,128,-1.0,-654.0
767,2093,2840,78,596,6,2,1049,21,84,128,-1.0,-655.0
768,2101,2843,78,580,6,2,1050,21,84,128,-1.0,-656.0
769,2110,2846,78,572,6,2,1051,21,84,128,-1.0,-657.0
770,2118,2849,78,564,6,2,1052,21,84,128,-1.0,-658.0
771,2127,2852,78,572,6,2,1053,21,84,128,-1.0,-659.0
772,2135,2855,79,580,6,2,1054,21,84,128,-1.0,-660.0
773,2144,2858,79,584,6,2,1055,21,84,128,-1.0,-661.0
774,2152,2861,79,588,6,2,1056,21,84,128,-1.0,-662.0
775,2161,2864,79,592,6,2,1057,21,84,128,-1.0,-663.0
776,2170,2867,79,596,6,2,1058,21,84,128,-1.0,-664.0
777,2178,2870,79,580,6,2,1059,21,84,128,-1.0,-665.0
778,2187,2873,79,584,6,2,1060,21,84,128,-1.0,-666.0
779,2195,2876,80,588,6,2,1061,21,84,128,-1.0,-667.0
780,2204,2880,80,592,6,2,1062,21,84,128,-1.0,-668.0
781,2213,2883,80,596,6,2,1063,21,84,128,-1.0,-669.0
782,2221,2887,81,580,6,2,1064,21,84,128,-1.0,-670.0
783,2230,2890,81,584,6,2,1065,21,84,128,-1.0,-671.0
784,2238,2893,81,588,6,2,1066,21,84,128,-1.0,-672.0
785,2246,2897,81,592,6,2,1067,21,84,128,-1.0,-673.0
786,2255,2901,82,596,6,2,1068,21,84,128,-1.0,-674.0
787,2263,2904,82,580,6,2,1069,21,84,128,-1.0,-675.0
788,2272,2908,82,584,6,2,1070,21,64,128,-1.0,-676.0
789,2280,2912,83,588,6,2,1071,21,64,128,-1.0,-677.0
790,2288,2916,83,592,6,2,1072,21,84,128,-1.0,-678.0
791,2296,2920,84,596,6,2,1073,21,84,128,-1.0,-679.0
792,2305,2924,84,580,6,2,1074,21,64,128,-1.0,-680.0
793,2313,2929,85,584,6,2,1075,21,64,128,-1.0,-681.0
794,2321,2933,85,588,6,2,1076,21,64,128,-1.0,-682.0
795,2329,2938,86,592,6,2,1077,21,64,128,-1.0,-683.0
796,2337,2942,87,596,6,2,1078,21,64,128,-1.0,-684.0
797,2345,2947,87,600,6,2,1079,21,64,128,-1.0,-685.0
798,2353,2952,88,604,6,2,1080,21,64,128,-1.0,-686.0
799,2360,2958,89,608,6,2,1081,21,64,128,-1.0,-687.0
800,2368,2963,90,612,6,2,1082,22,64,128,1.0,-686.0
801,2376,2968,90,616,6,2,1083,22,64,128,-1.0,-687.0
802,2384,2974,91,620,6,2,1084,22,64,128,-1.0,-688.0
803,2391,2980,92,624,6,2,1085,22,64,128,-1.0,-689.0
804,2399,2986,92,628,6,2,1086,22,64,128,-1.0,-690.0
805,2407,2992,93,632,6,2,1087,22,64,128,-1.0,-691.0
806,2414,2999,93,636,6,2,1088,22,64,128,-1.0,-692.0
807,2422,3005,94,640,6,2,1089,22,64,128,-1.0,-693.0
808,2429,3012,94,642,6,2,1090,22,64,128,-1.0,-694.0
809,2437,3019,95,644,6,2,1091,22,64,128,-1.0,-695.0
810,2444,3025,95,646,6,2,1092,22,64,128,-1.0,-696.0
811,2451,3032,95,648,6,2,1093,22,64,128,-1.0,-697.0
812,2459,3039,95,640,6,2,1094,22,64,128,-1.0,-698.0
813,2466,3046,95,642,6,2,1095,22,64,128,-1.0,-699.0
814,2473,3053,95,644,6,2,1096,22,64,128,-1.0,-700.0
815,2481,3060,95,646,6,2,1097,22,64,128,-1.0,-701.0
816,2488,3067,95,648,6,2,1098,22,64,128,-1.0,-702.0
817,2495,3074,95,650,6,2,1099,22,64,128,-1.0,-703.0
818,2503,3081,95,652,6,2,1100,22,64,128,-1.0,-704.0
819,2510,3088,95,654,6,2,1101,22,64,128,-1.0,-705.0
820,2517,3095,95,656,6,2,1102,22,64,128,-1.0,-706.0
821,2525,3102,95,658,6,2,1103,22,64,128,-1.0,-707.0
822,2532,3109,95,660,6,2,1104,22,64,128,-1.0,-708.0
823,2540,3116,95,662,6,2,1105,22,64,128,-1.0,-709.0
824,2547,3123,95,664,6,2,1106,22,64,128,-1.0,-710.0
825,2555,3130,95,666,6,2,1107,22,64,128,-1.0,-711.0
826,2562,3138,95,668,6,2,1108,22,64,128,-1.0,-712.0
827,2570,3145,95,670,6,2,1109,22,64,128,-1.0,-713.0
828,2578,3152,95,672,6,2,1110,22,64,128,-1.0,-714.0
829,2585,3159,95,674,6,2,1111,22,64,128,-1.0,-715.0
830,2593,3166,95,676,6,2,1112,22,64,128,-1.0,-716.0
831,2601,3173,94,678,6,2,1113,22,64,128,-1.0,-717.0
832,2609,3180,94,680,6,2,1114,22,64,128,-1.0,-718.0
833,2617,3188,94,682,6,2,1115,22,64,128,-1.0,-719.0
834,2625,3195,94,684,6,2,1116,22,64,128,-1.0,-720.0
835,2632,3202,94,686,6,2,1117,22,64,128,-1.0,-721.0
836,2640,3209,94,688,6,2,1118,22,64,128,-1.0,-722.0
837,2648,3216,94,690,6,2,1119,22,64,128,-1.0,-723.0
838,2656,3223,94,692,6,2,1120,22,64,128,-1.0,-724.0
839,2665,3231,94,694,6,2,1121,22,64,128,-1.0,-725.0
840,2673,3238,94,696,6,2,1122,22,64,128,-1.0,-726.0
841,2681,3245,94,698,6,2,1123,22,64,128,-1.0,-727.0
842,2689,3252,94,700,6,2,1124,23,64,128,1.0,-726.0
843,2697,3260,94,702,6,2,1125,23,64,128,-1.0,-727.0
844,2705,3267,94,704,6,2,1126,23,64,128,-1.0,-728.0
845,2713,3274,94,705,6,2,1127,23,64,128,-1.0,-729.0
846,2722,3282,94,707,6,2,1128,23,64,128,-1.0,-730.0
847,2730,3289,94,708,6,2,1129,23,64,128,-1.0,-731.0
848,2738,3296,94,710,6,2,1130,23,64,128,-1.0,-732.0
849,2746,3304,94,711,6,2,1131,23,64,128,-1.0,-733.0
850,2755,3311,94,713,6,2,1132,23,64,128,-1.0,-734.0
851,2763,3319,94,714,6,2,1133,23,64,128,-1.0,-735.0
852,2771,3326,94,716,6,2,1134,23,64,128,-1.0,-736.0
853,2779,3334,94,717,6,2,1135,23,64,128,-1.0,-737.0
854,2788,3341,94,719,6,2,1136,23,64,128,-1.0,-738.0
855,2796,3349,94,720,6,2,1137,23,64,128,-1.0,-739.0
856,2805,3356,94,722,6,2,1138,23,64,128,-1.0,-740.0
857,2813,3364,94,723,6,2,1139,23,64,128,-1.0,-741.0
858,2821,3371,94,725,6,2,1140,23,64,128,-1.0,-742.0
859,2830,3379,94,726,6,2,1141,23,64,128,-1.0,-743.0
860,2838,3386,93,728,6,2,1142,23,64,128,-1.0,-744.0
861,2847,3393,93,729,6,2,1143,23,64,128,-1.0,-745.0
862,2856,3401,93,731,6,2,1144,23,64,128,-1.0,-746.0
863,2865,3408,92,732,6,2,1145,23,64,128,-1.0,-747.0
864,2873,3415,92,734,6,2,1146,23,64,128,-1.0,-748.0
865,2882,3423,91,735,6,2,1147,23,64,128,-1.0,-749.0
866,2891,3430,91,737,6,2,1148,23,64,128,-1.0,-750.0
867,2901,3437,90,738,6,2,1149,23,64,128,-1.0,-751.0
868,2910,3443,89,740,6,2,1150,23,64,128,-1.0,-752.0
869,2919,3450,89,741,6,2,1151,23,64,128,-1.0,-753.0
870,2929,3457,88,743,6,2,1152,23,64,128,-1.0,-754.0
871,2939,3463,87,744,6,2,1153,23,64,128,-1.0,-755.0
872,2948,3469,86,746,6,2,1154,23,64,128,-1.0,-756.0
873,2958,3475,85,747,6,2,1155,23,64,128,-1.0,-757.0
874,2969,3481,84,749,6,2,1156,23,64,128,-1.0,-758.0
875,2979,3486,83,750,6,2,1157,23,64,128,-1.0,-759.0
876,2989,3492,82,752,6,2,1158,23,64,128,-1.0,-760.0
877,3000,3497,81,753,6,2,1159,23,64,128,-1.0,-761.0
878,3011,3501,80,755,6,2,1160,24,64,128,1.0,-760.0
879,3022,3506,79,756,6,2,1161,24,64,128,-1.0,-761.0
880,3033,3510,78,758,6,2,1162,24,64,128,-1.0,-762.0
881,3044,3514,76,759,6,2,1163,24,64,128,-1.0,-763.0
882,3055,3517,75,761,6,2,1164,24,64,128,-1.0,-764.0
883,3067,3520,74,762,6,2,1165,24,64,128,-1.0,-765.0
884,3078,3523,73,764,6,2,1166,24,64,128,-1.0,-766.0
885,3090,3526,72,765,6,2,1167,24,64,128,-1.0,-767.0
886,3102,3528,70,767,6,2,1168,24,64,128,-1.0,-768.0
887,3114,3530,69,768,6,2,1169,24,64,128,-1.0,-769.0
888,3126,3531,68,769,6,2,1170,24,64,128,-1.0,-770.0
889,3137,3532,67,770,6,2,1171,24,64,128,-1.0,-771.0
890,3149,3533,66,771,6,2,1172,24,64,128,-1.0,-772.0
891,3161,3533,64,772,6,2,1173,24,64,128,-1.0,-773.0
892,3174,3533,63,773,6,2,1174,24,64,128,-1.0,-774.0
893,3186,3533,62,774,6,2,1175,24,64,128,-1.0,-775.0
894,3198,3532,61,775,6,2,1176,24,64,128,-1.0,-776.0
895,3210,3531,60,776,6,2,1177,24,64,128,-1.0,-777.0
896,3222,3530,59,777,6,2,1178,24,64,128,-1.0,-778.0
897,3234,3528,57,778,6,2,1179,24,64,128,-1.0,-779.0
898,3246,3526,56,779,6,2,1180,24,64,128,-1.0,-780.0
899,3258,3524,55,780,6,2,1181,24,64,128,-1.0,-781.0
900,3270,3521,54,781,6,2,1182,24,64,128,-1.0,-782.0
901,3281,3518,53,782,6,2,1183,24,64,128,-1.0,-783.0
902,3293,3514,52,783,6,2,1184,24,64,128,-1.0,-784.0
903,3305,3511,51,784,6,2,1185,24,64,128,-1.0,-785.0
904,3316,3507,49,785,6,2,1186,24,64,128,-1.0,-786.0
905,3328,3502,48,786,6,2,1187,25,64,128,1.0,-785.0
906,3339,3497,47,787,6,2,1188,25,64,128,-1.0,-786.0
907,3350,3492,46,788,6,2,1189,25,64,128,-1.0,-787.0
908,3361,3487,45,789,6,2,1190,25,64,128,-1.0,-788.0
909,3372,3481,43,790,6,2,1191,25,64,128,-1.0,-789.0
910,3383,3475,42,791,6,2,1192,25,64,128,-1.0,-790.0
911,3393,3469,41,792,6,2,1193,25,64,128,-1.0,-791.0
912,3404,3462,40,793,6,2,1194,25,64,128,-1.0,-792.0
913,3414,3455,39,794,6,2,1195,25,64,128,-1.0,-793.0
914,3424,3448,37,795,6,2,1196,25,64,128,-1.0,-794.0
915,3434,3440,36,796,6,2,1197,25,64,128,-1.0,-795.0
916,3443,3432,35,797,6,2,1198,25,64,128,-1.0,-796.0
917,3453,3424,34,798,6,2,1199,25,84,128,-1.0,-797.0
918,3462,3415,33,774,6,2,1200,26,64,128,1.0,-796.0
919,3470,3407,31,775,6,2,1201,26,64,128,-1.0,-797.0
920,3479,3398,30,776,6,2,1202,26,64,128,-1.0,-798.0
921,3487,3389,29,777,6,2,1203,26,84,128,-1.0,-799.0
922,3495,3380,28,753,6,2,1204,26,64,128,-1.0,-800.0
923,3502,3371,27,755,6,2,1205,26,64,128,-1.0,-801.0
924,3509,3361,25,756,6,2,1206,26,84,128,-1.0,-802.0
925,3516,3352,24,741,6,2,1207,26,84,128,-1.0,-803.0
926,3522,3342,23,725,6,2,1208,26,64,128,-1.0,-804.0
927,3528,3332,22,727,6,2,1209,26,64,128,-1.0,-805.0
928,3534,3323,21,728,6,2,1210,26,64,128,-1.0,-806.0
929,3540,3313,19,730,6,2,1211,26,64,128,-1.0,-807.0
930,3545,3303,18,731,6,2,1212,26,64,128,-1.0,-808.0
931,3550,3292,17,733,6,2,1213,26,64,128,-1.0,-809.0
932,3554,3282,16,734,6,2,1214,26,64,128,-1.0,-810.0
933,3558,3271,15,736,6,2,1215,26,64,128,-1.0,-811.0
934,3562,3260,14,737,6,2,1216,27,64,128,1.0,-810.0
935,3566,3249,13,739,6,2,1217,27,64,128,-1.0,-811.0
936,3570,3238,12,740,6,2,1218,27,64,128,-1.0,-812.0
937,3573,3227,11,742,6,2,1219,27,64,128,-1.0,-813.0
938,3576,3216,10,743,6,2,1220,27,64,128,-1.0,-814.0
939,3579,3205,10,745,6,2,1221,27,64,128,-1.0,-815.0
940,3581,3194,9,746,6,2,1222,27,64,128,-1.0,-816.0
941,3584,3182,8,748,6,2,1223,27,64,128,-1.0,-817.0
942,3586,3171,8,749,6,2,1224,27,64,128,-1.0,-818.0
943,3588,3159,7,751,6,2,1225,27,64,128,-1.0,-819.0
944,3590,3148,7,752,6,2,1226,27,64,128,-1.0,-820.0
945,3592,3136,7,754,6,2,1227,27,64,128,-1.0,-821.0
946,3594,3124,6,755,6,2,1228,27,64,128,-1.0,-822.0
947,3596,3113,6,757,6,2,1229,27,64,128,-1.0,-823.0
948,3597,3101,6,758,6,2,1230,27,64,128,-1.0,-824.0
949,3599,3089,6,760,6,2,1231,27,64,128,-1.0,-825.0
950,3600,3078,6,761,6,2,1232,27,64,128,-1.0,-826.0
951,3602,3066,6,763,6,2,1233,27,64,128,-1.0,-827.0
952,3603,3054,6,764,6,2,1234,27,64,128,-1.0,-828.0
953,3605,3042,6,766,6,2,1235,27,64,128,-1.0,-829.0
954,3607,3030,6,767,6,2,1236,27,64,128,-1.0,-830.0
955,3608,3018,6,769,6,2,1237,27,64,128,-1.0,-831.0
956,3610,3007,6,770,6,2,1238,27,64,128,-1.0,-832.0
957,3611,2995,6,771,6,2,1239,27,64,128,-1.0,-833.0
958,3613,2983,6,772,6,2,1240,27,64,128,-1.0,-834.0
959,3614,2971,6,773,6,2,1241,27,64,128,-1.0,-835.0
960,3616,2959,6,774,6,2,1242,27,64,128,-1.0,-836.0
961,3618,2947,6,775,6,2,1243,27,64,128,-1.0,-837.0
962,3619,2935,6,776,6,2,1244,27,64,128,-1.0,-838.0
963,3621,2923,6,777,6,2,1245,27,64,128,-1.0,-839.0
964,3623,2911,6,778,6,2,1246,27,64,128,-1.0,-840.0
965,3624,2899,6,779,6,2,1247,27,64,128,-1.0,-841.0
966,3626,2887,6,780,6,2,1248,27,64,128,-1.0,-842.0
967,3628,2875,6,781,6,2,1249,28,64,128,1.0,-841.0
968,3629,2863,6,782,6,2,1250,28,64,128,-1.0,-842.0
969,3631,2850,6,783,6,2,1251,28,64,128,-1.0,-843.0
970,3633,2838,6,784,6,2,1252,28,64,128,-1.0,-844.0
971,3634,2826,6,785,6,2,1253,28,64,128,-1.0,-845.0
972,3636,2814,6,786,6,2,1254,28,64,128,-1.0,-846.0
973,3638,2802,6,787,6,2,1255,28,64,128,-1.0,-847.0
974,3639,2790,6,788,6,2,1256,28,64,128,-1.0,-848.0
975,3641,2778,6,789,6,2,1257,28,64,128,-1.0,-849.0
976,3643,2765,6,790,6,2,1258,28,64,128,-1.0,-850.0
977,3645,2753,6,791,6,2,1259,28,64,128,-1.0,-851.0
978,3646,2741,6,792,6,2,1260,28,64,128,-1.0,-852.0
979,3648,2729,6,793,6,2,1261,28,64,128,-1.0,-853.0
980,3650,2716,6,794,6,2,1262,28,64,128,-1.0,-854.0
981,3651,2704,6,795,6,2,1263,28,64,128,-1.0,-855.0
982,3653,2692,6,796,6,2,1264,28,64,128,-1.0,-856.0
983,3655,2680,6,797,6,2,1265,28,64,128,-1.0,-857.0
984,3657,2667,6,798,6,2,1266,28,64,128,-1.0,-858.0
985,3658,2655,6,799,6,2,1267,28,64,128,-1.0,-859.0
986,3660,2643,6,800,6,2,1268,28,64,128,-1.0,-860.0
987,3662,2630,6,801,6,2,1269,28,64,128,-1.0,-861.0
988,3664,2618,6,802,6,2,1270,28,64,128,-1.0,-862.0
989,3665,2605,6,803,6,2,1271,28,64,128,-1.0,-863.0
990,3667,2593,6,804,6,2,1272,28,64,128,-1.0,-864.0
991,3669,2580,6,805,6,2,1273,28,64,128,-1.0,-865.0
992,3671,2568,6,806,6,2,1274,28,64,128,-1.0,-866.0
993,3672,2556,6,807,6,2,1275,29,64,128,-1.0,-867.0
994,3674,2543,6,808,6,2,1276,29,64,128,-1.0,-868.0
995,3676,2531,6,809,6,2,1277,29,64,128,-1.0,-869.0
996,3678,2518,6,810,6,2,1278,29,64,128,-1.0,-870.0
997,3679,2506,6,811,6,2,1279,29,64,128,-1.0,-871.0
998,3681,2493,6,812,6,2,1280,29,64,128,-1.0,-872.0
999,3683,2480,6,813,6,2,1281,29,64,128,-1.0,-873.0
1000,3685,2468,6,814,6,2,1282,29,64,128,-1.0,-874.0
1001,3686,2455,6,815,6,2,1283,29,64,128,-1.0,-875.0
1002,3688,2443,6,816,6,2,1284,29,64,128,-1.0,-876.0
1003,3690,2430,6,817,6,2,1285,29,64,128,-1.0,-877.0
1004,3692,2417,6,818,6,2,1286,29,64,128,-1.0,-878.0
1005,3694,2405,6,819,6,2,1287,29,64,128,-1.0,-879.0
1006,3696,2392,6,820,6,2,1288,29,64,128,-1.0,-880.0
1007,3697,2379,6,821,6,2,1289,29,64,128,-1.0,-881.0
1008,3699,2367,6,822,6,2,1290,29,64,128,-1.0,-882.0
1009,3701,2354,6,823,6,2,1291,29,64,128,-1.0,-883.0
1010,3703,2341,6,824,6,2,1292,29,64,128,-1.0,-884.0
1011,3705,2329,6,825,6,2,1293,29,64,128,-1.0,-885.0
1012,3707,2316,6,826,6,2,1294,29,64,128,-1.0,-886.0
1013,3708,2303,6,827,6,2,1295,29,64,128,-1.0,-887.0
1014,3710,2290,6,828,6,2,1296,29,64,128,-1.0,-888.0
1015,3712,2278,6,829,6,2,1297,29,64,128,-1.0,-889.0
1016,3714,2265,6,830,6,2,1298,29,64,128,-1.0,-890.0
1017,3716,2252,6,831,6,2,1299,29,64,128,-1.0,-891.0
1018,3718,2239,6,832,6,2,1300,0,64,129,1.0,-890.0
1019,3720,2226,6,832,6,2,1301,0,64,129,1.0,-889.0
